round,client_0,client_1,client_2,client_3,client_4,client_5,client_6,client_7,client_8,client_9,client_10,client_11,client_12,client_13,client_14,client_15,client_16,client_17,client_18,client_19,client_20,client_21,client_22,client_23,client_24,client_25,client_26,client_27,client_28,client_29,client_30,client_31,client_32,client_33,client_34,client_35,client_36,client_37,client_38,client_39,client_40,client_41,client_42,client_43,client_44,client_45,client_46,client_47,client_48,client_49,client_50,client_51,client_52,client_53,client_54,client_55,client_56,client_57,client_58,client_59,client_60,client_61,client_62,client_63,client_64,client_65,client_66,client_67,client_68,client_69,client_70,client_71,client_72,client_73,client_74,client_75,client_76,client_77,client_78,client_79,client_80,client_81,client_82,client_83,client_84,client_85,client_86,client_87,client_88,client_89,client_90,client_91,client_92,client_93,client_94,client_95,client_96,client_97,client_98,client_99
14,,,,,,,,,,,,,,,,,-0.07088020493153795,,,,,-0.6371834710429998,,,,,,,7.347780813723288,,,7.421382992351899,-0.35596761847098307,,,,,,,,,,,,-0.6611842095978616,,-0.566485979928487,,,,,,-0.350659058009723,,,-0.41158872392726076,-0.4339811187156979,,,,,,-0.4817684539993972,-0.08396263747763662,,,,,,,-0.5839536673302846,,-0.4834282842393884,,,,,,,,,7.411032208399761,,,,,7.4970586800918975,,,7.469447387103169,,,,7.448181840496223,,,-0.5299309534375819,,-0.7458983462318634,
16,,,,,7.373075061342659,,,,,,,,,,7.468465354257262,,,,,,,,,,,,,,,,,,,,,7.452650287140449,,,,,,,,,,,,,,,,,,,,,,,-0.6196727704053561,,,,,,,0.028588334327323855,-0.7201821929975645,,,,,,,-0.7579169098615629,-0.6688567109477908,,,,,,,,,,7.38383896955427,-0.3205235412864289,,,,,,,,,,,,,,
17,,,,,,,7.403917400150702,,,,,,-0.7207593591393041,,,,,,,,7.428713729509848,,,,,,,,,,,,,,,,,,,,,,-0.33638137514489896,,,,,,-0.21992229960910495,0.3671524155089961,,-0.2069408680566334,,,,,,,,,,,,,,,,7.480079174429888,,,,,,,,,0.358001811759348,,,,,,,,,,,,,,,,,,7.379255163629952,,,,,
18,,,-0.27398673264316553,,,7.419251310612089,,,,-0.5900177324784686,,,,,,,,7.363283326209426,,,,,,,,7.438061775104268,-0.024724661173918736,,,,-0.31788747081395435,,,,,,,0.024724661173918736,-0.5974010961456043,-0.6959646319923811,,,,,,,,,,,,,,,7.4222240305221385,,,7.461335756356908,,,,0.2597610600520579,,,7.399273449644455,,,,,,,,,,,,,7.394563438695764,,7.398173099588198,,,7.3173821644540595,,,,,,7.419054115261505,,,,,,,,,7.421417501538251,,-0.7173939431756317
19,,0.03160332799065441,,,,,,-0.7824161521003457,-0.4559099811831693,,,,,,,-0.23393099569102346,,,-0.2635984199508695,7.447225443045892,,,-0.6356171237238947,-0.8207281583531779,,,,7.402313215973703,,,,,,0.09142364681406476,-0.18102311338813626,,-0.32650774231762636,,,,-0.4089786585916444,,,,,,,,,,-0.07762157448542974,,,,,,,,,,,,,,,,,,,7.455914856169363,,7.425335773154349,,,,,,,-0.6801227894443724,,-0.43471339132538106,,,-0.18283940581410618,,,,,,,7.505736261494333,,,,,,,,,
20,7.422238820173432,,,7.507922171955553,,,,,,,-0.29671177133861854,7.375644516760764,,7.390567274916186,,,,,,,,,,,7.398429453543957,,,,,7.417283301013264,,,,,,,,,,,,0.10028153871519015,,7.420784504462878,,0.11760206908661472,,-0.8541853383217337,,,,,,7.397062889764412,,,,,,-0.5394151254474517,0.06599358089697992,,,,,,,,-0.2548337028528949,,,,,,,7.458022874467102,,,,,,,,,,,,-0.40150526292225774,,,,-0.4607407126605462,-0.4509143450938667,,,7.373753413348667,,,,
22,,,,,,,,-0.5178073493871929,,,,,0.05372041953740362,,,-0.5635704552234639,,,,,,,,,,,,,,,,,-0.16422140120786224,,,,,,,,0.6955187853455265,,,,-0.3018464097849445,,,,1.7238659401278773,,,,,,,-0.1630576407394484,,,,,0.9119822138252461,,,,,,0.705896919888697,,,,,,,-0.7885442913960117,0.12847611731058653,,,,,,,,,,,,,,,,,,,,,,,,,
25,,1.0940512425489906,,,,,,,,0.17950765558205514,,,,,,,,,,,,,,,,,0.43028763785528956,,,,,,,,,,,,-0.33237412829247975,,,,0.3455119179207537,,,,,,,,,,-0.32582474735520456,,,,,,0.14229623780093975,,,,,,,,,,,,,,,,,,,,-0.04094456648694966,,-0.6485604349066296,,,,,,,-0.1658283493225863,,,,0.3112410449342819,,,,,,,,
26,13.890689979783948,,,,13.970032847770538,,,,,,,13.732902048562623,,,,,,13.888038362770088,,13.72496224452806,,,,,,13.963453961925937,,13.773844954648629,13.868714661984345,,,,,,,13.780027602641853,,,,,,,,,,,,,,,,,,13.841813957222051,,,,,,,,,,,,,,13.762725216465036,,,,,,,,,,13.997530417144402,,13.794594777321398,,13.830704250376467,13.955184795626725,,13.81094251449764,,,,13.911717336141647,,13.740805071024486,,,,13.815252646062412,,,13.798180980659815,,
27,,,,13.804106157644126,,13.841282296307543,14.011356944700907,,,,,,,,13.660586132851728,,,,,,,,,,13.829555662174371,,,,,13.909008874879067,,13.86191007103453,,,,,,,,,,,,,,,,,,,,,,,,,,,,,,,,,13.898063013220971,,,,,,,,,,,,,,,,,,,,,,,,,13.772453942444638,,,,,,14.021976787873692,,,,
28,,,,,,,,,-0.15761884823027913,,,,,,,,,,,,,,,,,,,,,,,,,,,,,,,0.8806277879599779,,0.4411069693673991,,,,0.037915698480523716,-0.3446121841352481,,,,-0.03778850467375762,,,,,,,,,,,0.18652206923047643,-0.10282372484369656,0.09617350038169947,,,,,,,-0.21527143182438374,,-0.5184687781368752,,,,,,,,,,,,,,,,,,,,,,,,,,,0.8916175843185524
29,,,0.029147288523147553,,,,,,,,0.2809260669742248,,,13.841232139617496,,,-0.42930969140359704,,-0.3202436738002459,,13.89006469304802,,,,,,,,,,-0.894645784400334,,,0.35275976468406367,1.2031179411735478,,,-0.502868834917989,,,,,,13.827017733657954,,,,-0.11074075352118698,,,,,,,13.957309767395083,,,13.738954289161724,,,,,,,,,,,,13.866619784230016,,13.80879915194293,,,,13.941461925229651,-0.48088368925869945,,,,,,,,,-0.07432969281576039,13.701368537529582,,,,,,0.0,13.941264642248797,,,,,,
30,,,,,,,,,,,,,,,,,,,,,,0.14556555867929996,0.07607645982268327,0.45497549474961885,,,,,,,,,,,,,-0.017675014833306264,,,,,,,,,,,,,-0.15148064694263616,,-0.17104601948481996,,,,,0.6757325000013935,,,-0.7185186264085046,,,,,,-0.2516749489102987,,,0.14125815193814034,,,,,,,,,,,,,,,1.5952874600914173,,,,,,,,,,,,,0.270784718265726,,-0.16445085296800868,
34,,,,,,,,,,,,,,,,0.009333515652955999,,,,,,-0.7882292072465588,,,,,,,,,,,0.11538657847811304,,,,,,0.42491632323369566,,1.0419026586900124,,,,,,,,,,,,,,,0.0012802860253262915,,,,-0.8432950872289473,,,,,,,,,,,,,,0.42988634320930375,,,,,,,,,,1.299567158481964,,,,,,,,0.2079132849708402,,,,,,,0.07375871231752884,-0.4426538771309242
35,,,,,,,,,,,,,-0.7138045508871385,,,,,,,,,,,-0.875089639515785,,,,,,,,,,,,,-0.3398704744151283,,,,,,,,,,,,1.0151355450084614,-0.03412011351490203,,,,,,,,,,,,,,,,,,,,,,,,,0.4294217645940782,,,,,,-0.7713641657141642,,,,,,,,,,,,,,,,,,,
37,,,,,,,,,,,,,,,,,,,,,,,,,,,-0.8684747038711754,,,,,,,,,,,,,,,,,,0.10462858986916922,,,,,,,,,,,,,,,,-0.7501257830237752,-0.4685335634783147,,,,,,,,,,,0.23972544706046037,,,,,,,,,,,,,,,,,,,,,,,,,,,
38,,0.8906782104801227,,,,,,0.08294121057086525,1.5210024240160578,,,,,,,,,,,,,,-0.41414686157142383,,,,,,,,,,,,-0.5708485988031349,,,,,,,,-0.638969879619599,,,,,,,,,0.42329323304753674,,,,,0.3089481943594503,,,,,,,,,,-0.5640262943900017,,,,,,,,,,,,-0.10004726626770569,,,,,,,-0.4330158719789472,,-0.025522153987867068,,,,,,,,,,,,
39,,,,,,,,,,,-0.21280432764912074,,,,,,,,0.6167029777206346,,,,,,,,,,,,-0.028322005904206676,,,,,,,,,,,,,,,0.782381765506553,-0.5062501323517901,0.48257145790005673,,,,,,,,,,,1.110507035096143,,,,,,,0.5154262270404782,,,-0.06999373648263091,,,,,,,,0.3874290019746252,,,,,,,,,,,,,,,,0.4440421699466498,,,,-0.9863780967081784,,,
40,,,-0.6456916480677557,,,,,,,-0.8891185689470196,,,,,,,-0.4473598567908723,,,,,,,,,,,,,,,,,0.724169734167955,,,,-0.7407730033138359,,0.6871462444415679,,0.7003728072223854,,,,,,,,,0.3314557635631088,,0.0,,,,,,,,,,-0.380215279672372,0.5785992066380994,,,,,,,-0.5524817345901064,,,,,,,,,,,,,,,,,,,,,,,,,,,,,
42,,3.0303677752423144,,,,,,,,,,,,,,,,,,,,,,,,,,,,,,,,,,,,,,,,,,,,,,,,,-0.22679639562748036,3.8792933683572666,,,,,,,1.9262026606086586,,,,0.3876560020698267,,,,,,,,,,,,,,,,,,,,,,,,,,,,,0.18486249065008703,,,,,,,,
45,,,,,,,,,,,,,,,,,,,,,,,,,,,-0.7107591184346715,,,,,,,,,,,-0.41878239377216736,,,,,,,,0.4642363799144806,0.25402731655286026,,,,,,,,,,,,,,,-0.16998668684836465,,,,,,,,,,,,,,,,,,,,,,,,,,,,,,,-0.27577883482570287,,,,,,,
46,,,,,,,,,,,,,,,,,,,,,,,,0.679450189609152,,,,,,,,,,,,,1.027342624691551,,,,,1.2637866529469237,,,,,,,,,,,,,,,,,,,,,,,,,-0.7465686114082132,,,,,,,-0.30576784533791734,,,,,,,,,,0.4295842261211915,,,,,,,,,,,,,,,,
47,,,,,,,,,,,,,,,,0.5387480036964418,,,,,,,,,,,,,,,,,,,,,,,,,1.0058872620624568,,,,,,,,,,,,,,,0.44829017005054694,,,,,,,,0.5195817552607248,,,,,,,,,,,,,,,0.07401117904826679,,,,,,,,,,,,,,,,,,,,,-0.13063655672756314
48,,,0.07922701663269262,,,,,,,,-0.589057686612585,,,,,,-0.3517378240114767,,,,,,,,,,,,,,-0.9648857764440038,,,,,,,,,,,,1.0019330385505172,,0.08037725465540958,,,,,,,,-0.03656326215869099,,,,-0.67416289195521,,,,,,,,,0.009011219414647694,,,-0.3260526382090344,,,,-0.25821819548330277,,,,,,,,,,,,,0.7715016725040933,,,,,,,,,,,,,,
49,,,,,,,,,1.386354425988356,0.3941217928785749,,,0.8930108498295314,,,,,,-0.8180938620758264,,,1.1975330026376476,0.41561467951906755,,,,,,,,,,,1.2010330510634144,,,,,,0.4639482971656145,,,,,,,,-0.009011219414647694,,-0.2500412499555503,,,,,,,,,,,,,,,,,,,,,-0.6741805327255089,,,,,,1.4230415472842735,,,,,,,,,,,,,,,,,,,,,,,
50,,,,,,,,0.24953504954680072,,,,,,,,,,,,,,,,,,,,,,,,,0.2839651987308183,,0.2437174822975145,,,,-0.35173565628970266,,,,,,,,,,0.7944872972075999,,,,,,,,,,,0.6869542443986346,1.5628999661836989,,,,,,,,,,,,,,0.10356111377769994,,,,,,-0.613409947771078,,,,,,,-0.17049931567340967,,,,,,,,,0.33968850515601096,,-0.2510754774888433,
54,,,-0.6689792320744609,,,,,,,-0.6955346485062168,,,-0.7059507350876765,,,,0.1666273619946073,,,,,,,,,,1.097338991338465,,,,0.4024013396470759,,,,,,,,-0.46593613187078575,,,,1.2438204462896565,,-0.6124346667487314,,,,,,,,-0.5400966400894766,,,,,,,,,,,,,-0.2699036744150393,,,,,,,,,,,,,,,,,,,,,,,,,,-0.326524165352668,,,,,,,,
56,,-0.8549198546832205,,,,,,,,,,,,,,,,,-0.3957457725639342,,,,,,,,,,,,,,,,,,-0.3727644642424062,,,,,1.3828024790265103,,,,,,-0.7699537574909193,,-0.12229294274415922,,,,,,,,,,,,,,,,,,,,,,,,,,,,,,,,,,,,,,,,,,,,,,,,,,-0.0017593658926024314
57,,,,,,,,,,,,,,,,-0.8424757936735642,,,,,,-1.1677873509451533,,,,,,,,,,,,1.1977457426272766,,,,-0.9949616435003965,,-0.19024329634459314,-1.0082456899703434,,,,,,1.001097073439104,,,,,,,,,,,,,,,,-1.2755285964055831,0.3986576332016566,,,,,,,0.9675654409867833,,-0.552272492874322,,,,,,0.4295437451240771,,,,,,,,,,,,,,,,,,-0.672448058448681,,,
58,,,,,,,,,,,,,,,,,,,,,,,,,,,,,,,,,,,,,,,,,,,,,,,,,-0.27762553598796386,,,,,,,-1.0948040233032195,0.0,,,2.241698887594103,,,,,,,-0.9138091737036644,,,,,,,,,,,,,,,,,,,,,,,,,,,,,,,,-1.1127270045669717,
59,,,,,,,,-0.10789136200416716,-1.1376616293556108,,-1.253860440890206,,,,,,,,,,,,-0.27301195421043417,-0.662911454658131,,,,,,,,,,,,,,,,,,,,,,-0.45116186179154166,,,,,,,,,,,,,,,-0.5316674293624614,0.054554353548090864,,,,,,,-0.29372630256613563,,,,,0.15282357869100954,0.012574695761939729,,0.39509780284269963,,,,,,,,,,,,,,,,-0.3354362843212705,,,,,,,
60,,,,,,,,,,,,,,,,,,,,,,,,,,,,,,,,,0.31149850010151164,,0.6246682977232997,,,,,,,,,,,,,,,,-0.9928298551423975,0.179103180993072,,,,,,,-0.7783229216004396,,,,,,,,,,,,,,,,,,,,,,-0.5953602109086469,,,-0.9857702410419786,,-0.6277548272994686,,0.7668037119371335,,,,,,,,,,,,
64,,,,,,,,,,,,,-0.6352472863306122,,,,,,,,,,,,,,0.08687929976974612,,,,,,0.23317370579887703,,,,,,,,,,,,,,,,0.7983617762150685,,,,,,,,,,,,,,,,,-1.245022032963192,,,,,,,,,,,0.6148173299404404,,,,,,,,,,,,,,,-0.7049187719368244,,,,,,,,
65,,,1.0948358087071426,,,,,-0.8289359494692621,,,,,,,,-0.13640299460429556,,,,,,-0.48837744277940104,,-0.6258103528875766,,,,,,,,,,,0.12027578898834093,,,0.022081274041438597,,,,,,,,,,,,,,,,,,,-1.05425932612232,,,,,-0.6234869400452234,,-0.09850516103898656,,,,,,,,,,,,,,,,,,,,-1.4208328485575674,,,,,,,,,,,,,,,-0.6460997762845859,
67,,,,,,,,,,,,,,,,,,,,,,,0.2454957442040414,,,,,,,,,,,-1.3887487428602123,,,,,,-0.8300022627984447,,0.3417109212190797,1.0739524739673556,,0.19520560573698684,0.21697524401737528,-0.7833872050547694,0.6712515532744379,,,,,,,,2.0440004829072547,,,,,,,,,,,,,,,-0.2553813275782996,,,,,,,,,,,,,,,,,0.4095487701578567,,,,,,,,,-0.3909978652443345,,,
68,,,,,,,,,,,,,,,,,-1.024624843551279,,,,,,,,,,,,,,,,,,,,0.19173318722518667,,,,,,,,,,,,,,,,,,,,,,,,,,0.587616388375017,,,,,,,,,,,-0.08687929976974612,0.6128364525235183,,,,,,-0.9058298192624094,,,,,,,,,,,,,,,,,,,
69,,-0.5072386638953521,,,,,,,-0.5019813224218843,-0.3642419448239252,,,,,,,,,-0.4624575727087674,,,,,,,,,,,,-0.6339232192174136,,,,,,,,-0.026787809753756022,,-1.0681008912614547,,,,,,,,,,0.16305412007753453,-0.8144311411781254,,,,,,,-1.0413845026180735,,,,,,,,,,,,,,,,,,,,,,,,,,,,,,,,,,,,,,,,,
70,,,,,,,,,,,-0.055789508984301996,,,,,,,,,,,,,,,,,,,,,,,,,,,,,,,,,,,,,,,-0.22450871414926835,,,-1.1129084835836829,,,,,,,0.37667416637396334,0.7945862990732563,,,,,,-0.6569655717879906,,-0.829629597451162,,,,-0.7234031491031923,,,,,,-0.40735874269946754,,,,,,,0.24552587412589313,,,,,,,0.5394511791410369,,,,,,,-1.0985839599891734
71,,,,,,,,,,,,,,,,,,,,,,,,,,,,,,,,,,-0.3923343400349114,,,,,,-0.6541001512782357,,,,,,,,0.0776626371797527,,,,,,,,,,,,,,,,,,,,,-0.7614493753299578,,,,,,,,,,,,-1.5338201590530887,,,,,,,,,,,-0.7726825224674169,,,,,,,,
72,,,,,,,,,,,,,,,,,,,-0.2867290981795213,,,,,,,,,,,,,,0.7359934481037508,,,,1.144194599577899,,,,,,,,-0.768425896943553,,,,0.7365959987544924,,,,,,,,,,,,,,,,,,,,,,,,,,,,,,,,,,,,,,,,,,,,,,,,1.3385848854301954,,,
73,,,,,,,,,0.30994437168716954,,0.7549494876431596,,,,,,,,,,,,,,,,,,,,-0.8500568079780229,,,,0.24955461603070436,,,,,,,,,,,2.4610596800871845,,,,,,,,,,0.5420413809065393,,,,,,,,,,,,,,,,,,,,,,,,,,,,,,,,,,,,,,,,,,,,-0.6280854241274034
74,,,,,,,,,,,,,,,,,,,,,,,,,,,,,,,,,,,,,,,-0.9425562767656482,,-0.24331687700364435,,,,,,,,,,,,0.5684706135817701,,,,-1.152895302923703,,,,,,,,,,0.19792496511241253,,,,,,-0.2674153460637079,,,,,,,,,,,-0.22018376949382448,,,,,,,,,,,,,,,,
75,,,,,,,,,,0.04226083011539832,,,,,,,,,,,,,,,,,,,,,,,,,,,,,,,,,1.1095053720906713,,,,,,,,,,,,,,,,0.771875446064505,1.0743589554438095,,,,,,,,,,,-0.073081971725059,,,,,,-0.28585953767725064,,,,,,,,,0.1724442576646381,,,,,,,,,,,,,,
76,,,1.6671317338782394,,,,,-0.44205875946820367,,,,,,,,,,,,,,,,,,,,,,,,,,,,,,-0.5194887708359227,,,,,,,,,0.1681310763240871,,,,,,,,,,,,,,,,,,,,,,,,,,,,0.03295271492706202,,,,-1.0286914376911749,,,,,,,,,,,,,,,,,,,,,
77,,,,,,,,,,,,,-0.5008619881160946,,,,,,,,,-0.7942855402196962,,,,,0.5228742945040213,,,,,,,,,,,,,,,,,,,,,,,,,,,,,,,,,,,,,-0.20109446215995802,,,,,,,,,,-0.48782533882428075,,,,,,,,,,,,,,0.009603580796688962,,,,,,,,,,,,
78,,,,,,,,,,,,,,,,,,,,,,,,,,,,,,,,,,,,,,,,,,,,,,,,,,,,-0.4851286816026223,,,,,,,,,,,,,,,,,,,,,,,,,,,,,,,,,,,,,,,,,,,,,,,,
79,,0.16512140577736803,,,,,,,,,,,,,,-0.47578938364743334,,,,,,,,-0.009603580796688962,,,,,,,,,,,,,,,,,,0.9042165313749011,,,,,,,,0.07405302442666746,,,,,,,,,,,,,,,,-0.9825239285780173,,,,,,,,,,,,,,,,,,,,,,,,,,,,,,,,,,
80,,,,,,,,,,,,,,,,,-1.279301999431345,,,,,,1.0654964099810709,,,,,,,,,,,,,,,,,,,,,,,,,,,,-1.206240065301716,,,,,,,,,,-0.4327694962187631,0.743802893432706,0.6586563922083225,,,,,,,,,,,,,,,,,,,,,,,,,,,,,,-1.4656627821019164,,,,,,-1.0916811602789247,
81,,,,,,,,0.7023661810979991,,,,,,,,-0.9051807217042399,,,,,,,,,,,0.02707188103278666,,,,,,,,,,,,,,,,,,,,,,,,,,,,,,,,,,,,,,,1.1307129985492128,0.500360281627279,,,,0.8187347201688246,,,-1.3933178875340184,,,,,,,,,,,,,,,,,,,,,,,,,,
82,,,,,,,,,,,,,,,,,,,,,,,1.129948584558345,,,,,,,,,,,,-0.4534235498126236,,,,,,,,,,,,,,,,,,,,,-0.3407759565616798,,,,,,,-0.5139511541343451,,,,,,,,,,0.2943188018487231,,,,,,,,,,,-0.6691863202245839,,,,,,,,,0.5747428308767915,,,,,,,
83,,,,,,,,,,0.8382329079782473,,,,,,,,,,,,,,,,,,,,,,,,,,,,,-0.4245157730232243,,,,,,0.07607673044182675,0.46005023076752816,,,,,,,,,,,0.30773522935818015,,,,,-0.10099280212789996,,,,,,,,,,,,,,,,,,,,,,,,,,,,,,,,,,,1.1305996738231265,,,
84,,,,,,,,,,,,,,,,,,,,,,,,,,,,,,,,,,,,,,,,,,,,,,,,,,,,-0.38053709811153635,,,,,,,,,,,,,,,,,,,,,,,,,,,,,,,,,,,,,,,,,,,,,,,,
85,,,,,,,,,,,,,,,,,,,,,,,,,,,,,,,0.42091706774638804,,-0.129464173139824,,,,,,,,,1.6376708087562075,,,,,-0.5086768618360897,0.5381685073229338,,,,,,,,,,,,,,,,,,,,,,,,,,,,,,,,,,,,,,,,1.1694688817369228,,,,,,,,,,,,
86,,-0.2742944635253282,,,,,,,,,,,,,,,,,,,,,,,,,,,,,,,,,,,,0.504739590141567,,,,,,,,,,,,,,,,,,,,,,,,,,,,,,,-0.5576544945407281,,,,,,0.6574715233071372,,,,,,-0.7554064935014938,,,,,,,,,,,0.24268918285225521,,,,,,,,
87,,,,,,,,,-1.3142760613863618,,,,,,,,,,,,,,,,,,,,,,,,,,,,,,,,,,1.4348394923364778,,,,,,,,-0.27480559792652703,,2.309409574868807,,,,,,,,,,,,,,,,,,,,,,,,-0.5728578394702128,,,,,,,,,,,,,,,,,,,,,,-0.8004353578002674,-0.4974789476755129
88,,,,,,,,,,,0.22324319949739607,,,,,,-0.9814509019114045,,,,,,,,,,,,,,,,,0.8226928736451729,,,,,,,0.5876752233760704,,,,,,,,,-0.6871161454428597,,,,,,,,,1.5879780336807385,-0.27233943603026767,,,,,,,,,,,,,,,,,,,,,,,,,,,,,,,,,,,,,,,,
89,,,1.8259876444199294,,,,,,,,,,,,,,,,-0.23089625522303475,,,,,-0.8238114567334057,,,,,,,,,,,,,-0.02707188103278666,,,,,,,,,,,,2.159414328256178,,,,,,,,,,,,,,,,,,,,,,,,,,,,,,2.2421636678415875,,,,,,,,,,,,,,,,,,,,,
90,,,,,,,,,,,,,0.8452069538544165,,,,,,,,,-0.05072437029165933,,,,,,,,,,,,,,,,,,-0.28023122448632626,,,,,,,,,,,,,,,,,,,,,-0.07515746278798371,,,-0.8292404853812553,,,,,,,,,,,,,,,,,,,,,,-0.579163081761063,,,,,,,,,,,,,,
