client_id,is_free_rider,first_flag_round,times_flagged,times_trapped,first_removal_round,final_penalty,active_at_end
0,1,1,3,0,3,12,0
1,0,99,1,11,,0,1
2,0,20,1,4,,0,1
3,1,1,3,0,3,12,0
4,1,1,3,0,3,12,0
5,1,1,3,0,3,12,0
6,1,1,3,0,3,12,0
7,0,8,5,9,,0,1
8,0,,0,14,,0,1
9,0,20,9,4,,0,1
10,0,,0,9,,0,1
11,1,1,3,0,3,12,0
12,0,66,5,7,,0,1
13,1,1,3,0,3,12,0
14,1,1,3,0,3,12,0
15,0,61,3,7,,0,1
16,0,9,6,6,,0,1
17,1,1,3,0,3,12,0
18,0,,0,10,,0,1
19,1,1,3,0,3,12,0
20,1,1,3,0,3,12,0
21,0,,0,10,,0,1
22,0,86,3,6,,0,1
23,0,27,3,9,,1,1
24,1,1,3,0,3,12,0
25,1,1,3,0,3,12,0
26,0,20,10,4,,0,1
27,1,1,3,0,3,12,0
28,1,1,3,0,3,12,0
29,1,1,3,0,3,12,0
30,0,24,1,5,,0,1
31,1,1,3,0,3,12,0
32,0,9,1,3,,0,1
33,0,,0,9,,0,1
34,0,,0,17,,0,1
35,1,1,3,0,3,12,0
36,0,,0,11,,0,1
37,0,20,13,2,,1,1
38,0,,0,5,,0,1
39,0,57,1,6,,0,1
40,0,,0,10,,0,1
41,0,94,2,8,,1,1
42,0,98,1,10,,0,1
43,1,1,3,0,3,12,0
44,0,76,1,11,,0,1
45,0,29,12,8,,2,1
46,0,88,3,4,,0,1
47,0,,0,9,,0,1
48,0,37,14,7,,0,1
49,0,,0,12,,0,1
50,0,,0,15,,0,1
51,0,,0,11,,0,1
52,0,,0,9,,0,1
53,1,1,3,0,3,12,0
54,1,1,3,0,3,12,0
55,0,,0,15,,0,1
56,0,,0,12,,0,1
57,1,1,3,0,3,12,0
58,0,8,1,3,,0,1
59,0,,0,11,,0,1
60,0,7,7,7,,1,1
61,0,,0,16,,0,1
62,0,,0,13,,0,1
63,0,,0,15,,0,1
64,1,1,3,0,3,12,0
65,0,,0,10,,0,1
66,0,36,5,7,,0,1
67,1,1,3,0,3,12,0
68,0,34,3,8,,0,1
69,1,1,3,0,3,12,0
70,0,,0,17,,0,1
71,1,1,3,0,3,12,0
72,0,,0,9,,0,1
73,0,45,2,4,,0,1
74,0,39,5,8,,0,1
75,1,1,3,0,3,12,0
76,0,,0,7,,0,1
77,1,1,3,0,3,12,0
78,0,54,2,8,,0,1
79,1,1,3,0,3,12,0
80,0,10,26,10,99,10,0
81,1,1,3,0,3,12,0
82,1,1,3,0,3,12,0
83,0,,0,13,,0,1
84,1,1,3,0,3,12,0
85,0,75,4,13,,0,1
86,1,1,3,0,3,12,0
87,0,,0,13,,0,1
88,1,1,3,0,3,12,0
89,1,1,3,0,3,12,0
90,1,1,3,0,3,12,0
91,0,,0,8,,0,1
92,0,,0,11,,0,1
93,1,1,3,0,3,12,0
94,1,1,3,0,3,12,0
95,1,1,3,0,3,12,0
96,0,27,10,7,,0,1
97,1,1,3,0,3,12,0
98,0,20,1,6,,0,1
99,0,22,1,7,,0,1
