client_id,is_free_rider,first_flag_round,times_flagged,times_trapped,first_removal_round,final_penalty,final_zero_penalty,final_magnitude_episode_penalty,suspected_at_end,candidate_at_end,lifetime_trap_flags,zero_update_count,active_at_end
0,0,30,1,12,,0,0,0,0,0,1,0,1
1,0,30,11,23,,0,0,0,0,0,11,0,1
2,1,1,13,12,30,39,5,34,0,0,12,1,0
3,0,,0,13,,0,0,0,0,0,0,0,1
4,1,1,13,12,30,36,5,31,0,0,12,1,0
5,0,,0,14,,0,0,0,0,0,0,0,1
6,0,30,3,14,,0,0,0,0,0,3,0,1
7,1,1,13,12,30,39,5,34,0,0,12,1,0
8,0,,0,13,,0,0,0,0,0,0,0,1
9,0,20,1,11,,0,0,0,0,0,1,0,1
10,0,,0,13,,0,0,0,0,0,0,0,1
11,0,30,6,18,,0,0,0,0,0,6,0,1
12,1,1,13,12,30,36,5,31,0,0,12,1,0
13,1,1,13,12,30,39,5,34,0,0,12,1,0
14,0,,0,14,,0,0,0,0,0,0,0,1
15,1,1,13,12,30,39,5,34,0,0,12,1,0
16,0,50,4,14,,0,0,0,0,1,4,0,1
17,0,100,1,14,,0,0,0,0,1,1,0,1
18,1,1,13,12,30,36,5,31,0,0,12,1,0
19,1,1,13,12,30,39,5,34,0,0,12,1,0
20,1,1,13,12,30,39,5,34,0,0,12,1,0
21,0,,0,13,,0,0,0,0,0,0,0,1
22,1,1,13,12,30,39,5,34,0,0,12,1,0
23,0,30,13,24,,0,0,0,0,0,13,0,1
24,0,30,1,12,,0,0,0,0,0,1,0,1
25,0,,0,14,,0,0,0,0,0,0,0,1
26,0,,0,14,,0,0,0,0,0,0,0,1
27,0,,0,13,,0,0,0,0,0,0,0,1
28,0,,0,14,,0,0,0,0,0,0,0,1
29,0,90,2,14,,0,0,0,0,1,2,0,1
30,0,60,5,16,,1,0,1,0,1,5,0,1
31,0,,0,14,,0,0,0,0,0,0,0,1
32,0,,0,13,,0,0,0,0,0,0,0,1
33,0,,0,12,,0,0,0,0,0,0,0,1
34,0,,0,13,,0,0,0,0,0,0,0,1
35,0,,0,13,,0,0,0,0,0,0,0,1
36,1,1,13,12,30,36,5,31,0,0,12,1,0
37,0,60,1,13,,0,0,0,0,0,1,0,1
38,0,,0,13,,0,0,0,0,0,0,0,1
39,0,,0,14,,0,0,0,0,0,0,0,1
40,0,90,2,15,,0,0,0,0,0,2,0,1
41,0,60,1,13,,0,0,0,0,0,1,0,1
42,0,,0,12,,0,0,0,0,0,0,0,1
43,0,,0,13,,0,0,0,0,0,0,0,1
44,0,,0,13,,0,0,0,0,0,0,0,1
45,0,,0,13,,0,0,0,0,0,0,0,1
46,0,80,3,15,,0,0,0,0,1,3,0,1
47,1,1,13,12,30,36,5,31,0,0,12,1,0
48,1,1,13,12,30,36,5,31,0,0,12,1,0
49,0,100,1,12,,0,0,0,0,1,1,0,1
50,1,1,13,12,30,39,5,34,0,0,12,1,0
51,0,80,11,23,,6,0,6,1,0,11,0,1
52,0,,0,13,,0,0,0,0,0,0,0,1
53,0,,0,13,,0,0,0,0,0,0,0,1
54,0,,0,13,,0,0,0,0,0,0,0,1
55,1,1,13,12,30,39,5,34,0,0,12,1,0
56,0,,0,14,,0,0,0,0,0,0,0,1
57,0,,0,13,,0,0,0,0,0,0,0,1
58,1,1,13,12,30,39,5,34,0,0,12,1,0
59,1,1,13,12,30,36,5,31,0,0,12,1,0
60,0,,0,13,,0,0,0,0,0,0,0,1
61,0,,0,13,,0,0,0,0,0,0,0,1
62,0,,0,13,,0,0,0,0,0,0,0,1
63,1,1,13,12,30,39,5,34,0,0,12,1,0
64,0,,0,12,,0,0,0,0,0,0,0,1
65,1,1,13,12,30,39,5,34,0,0,12,1,0
66,0,,0,13,,0,0,0,0,0,0,0,1
67,0,,0,14,,0,0,0,0,0,0,0,1
68,0,80,1,13,,0,0,0,0,0,1,0,1
69,0,,0,12,,0,0,0,0,0,0,0,1
70,1,1,13,12,30,39,5,34,0,0,12,1,0
71,0,,0,14,,0,0,0,0,0,0,0,1
72,0,,0,14,,0,0,0,0,0,0,0,1
73,1,1,13,12,30,39,5,34,0,0,12,1,0
74,0,,0,14,,0,0,0,0,0,0,0,1
75,0,,0,11,,0,0,0,0,0,0,0,1
76,1,1,13,12,30,39,5,34,0,0,12,1,0
77,1,1,13,12,30,36,5,31,0,0,12,1,0
78,0,,0,13,,0,0,0,0,0,0,0,1
79,1,1,13,12,30,36,5,31,0,0,12,1,0
80,0,,0,13,,0,0,0,0,0,0,0,1
81,0,,0,13,,0,0,0,0,0,0,0,1
82,0,40,18,29,,0,0,0,0,0,18,0,1
83,0,,0,13,,0,0,0,0,0,0,0,1
84,1,1,13,12,30,39,5,34,0,0,12,1,0
85,1,1,13,12,30,39,5,34,0,0,12,1,0
86,0,100,1,14,,0,0,0,0,1,1,0,1
87,0,,0,14,,0,0,0,0,0,0,0,1
88,0,,0,13,,0,0,0,0,0,0,0,1
89,1,1,13,12,30,39,5,34,0,0,12,1,0
90,0,,0,13,,0,0,0,0,0,0,0,1
91,1,1,13,12,30,36,5,31,0,0,12,1,0
92,0,,0,13,,0,0,0,0,0,0,0,1
93,0,80,2,14,,0,0,0,0,0,2,0,1
94,1,1,13,12,30,36,5,31,0,0,12,1,0
95,0,,0,13,,0,0,0,0,0,0,0,1
96,0,,0,14,,0,0,0,0,0,0,0,1
97,1,1,13,12,30,36,5,31,0,0,12,1,0
98,0,,0,13,,0,0,0,0,0,0,0,1
99,0,60,4,17,,0,0,0,0,0,4,0,1
