round,client_id,is_free_rider,event,reason,cumulative_penalty
30,41,0,entered_candidate_state,norm_z_outlier,0
30,58,0,entered_candidate_state,norm_z_outlier,0
30,65,0,entered_candidate_state,norm_z_outlier,0
30,91,0,entered_candidate_state,norm_z_outlier,0
31,41,0,additional_candidate_flag,anchor_norm_outlier,0
31,58,0,additional_candidate_flag,anchor_norm_outlier,0
31,65,0,additional_candidate_flag,anchor_norm_outlier,0
31,91,0,additional_candidate_flag,anchor_norm_outlier,0
32,41,0,additional_candidate_flag,anchor_norm_outlier,0
32,58,0,cleared_after_confirmation,confirmation_pass,0
32,65,0,additional_candidate_flag,anchor_norm_outlier,0
32,91,0,cleared_after_confirmation,confirmation_pass,0
33,41,0,cleared_after_confirmation,confirmation_pass,0
33,65,0,additional_candidate_flag,anchor_norm_outlier,0
34,65,0,cleared_after_confirmation,confirmation_pass,0
40,8,0,entered_candidate_state,norm_z_outlier,0
40,21,0,entered_candidate_state,norm_z_outlier,0
40,22,0,entered_candidate_state,norm_z_outlier,0
40,32,0,entered_candidate_state,norm_z_outlier,0
40,38,0,entered_candidate_state,norm_z_outlier,0
41,8,0,cleared_after_confirmation,confirmation_pass,0
41,21,0,cleared_after_confirmation,confirmation_pass,0
41,22,0,additional_candidate_flag,anchor_norm_outlier,0
41,32,0,additional_candidate_flag,anchor_norm_outlier,0
41,38,0,cleared_after_confirmation,confirmation_pass,0
42,22,0,additional_candidate_flag,anchor_norm_outlier,0
42,32,0,additional_candidate_flag,anchor_norm_outlier,0
43,22,0,additional_candidate_flag,anchor_norm_outlier,0
43,32,0,additional_candidate_flag,anchor_norm_outlier,0
44,22,0,cleared_after_confirmation,confirmation_pass,0
44,32,0,cleared_after_confirmation,confirmation_pass,0
50,22,0,entered_candidate_state,norm_z_outlier,0
50,32,0,entered_candidate_state,norm_z_outlier,0
50,39,0,entered_candidate_state,norm_z_outlier,0
50,62,0,entered_candidate_state,norm_z_outlier,0
50,76,0,entered_candidate_state,norm_z_outlier,0
50,83,0,entered_candidate_state,norm_z_outlier,0
50,96,0,entered_candidate_state,norm_z_outlier,0
51,22,0,cleared_after_confirmation,confirmation_pass,0
51,32,0,additional_candidate_flag,anchor_norm_outlier,0
51,39,0,additional_candidate_flag,anchor_norm_outlier,0
51,62,0,additional_candidate_flag,anchor_norm_outlier,0
51,76,0,additional_candidate_flag,anchor_norm_outlier,0
51,83,0,cleared_after_confirmation,confirmation_pass,0
51,96,0,additional_candidate_flag,anchor_norm_outlier,0
52,32,0,additional_candidate_flag,anchor_norm_outlier,0
52,39,0,additional_candidate_flag,anchor_norm_outlier,0
52,62,0,additional_candidate_flag,anchor_norm_outlier,0
52,76,0,cleared_after_confirmation,confirmation_pass,0
52,96,0,cleared_after_confirmation,confirmation_pass,0
53,32,0,additional_candidate_flag,anchor_norm_outlier,0
53,39,0,cleared_after_confirmation,confirmation_pass,0
53,62,0,cleared_after_confirmation,confirmation_pass,0
54,32,0,additional_candidate_flag,anchor_norm_outlier,0
55,32,0,additional_candidate_flag,anchor_norm_outlier,0
56,32,0,additional_candidate_flag,anchor_norm_outlier,0
57,32,0,additional_candidate_flag,anchor_norm_outlier,0
58,32,0,additional_candidate_flag,anchor_norm_outlier,0
59,32,0,cleared_after_confirmation,confirmation_pass,0
60,8,0,entered_candidate_state,layer_profile_outlier,0
60,21,0,entered_candidate_state,norm_z_outlier,0
60,32,0,entered_candidate_state,norm_z_outlier,0
60,36,0,entered_candidate_state,norm_z_outlier,0
60,39,0,entered_candidate_state,norm_z_outlier,0
60,40,0,entered_candidate_state,norm_z_outlier,0
60,83,0,entered_candidate_state,norm_z_outlier,0
60,96,0,entered_candidate_state,norm_z_outlier,0
61,8,0,additional_candidate_flag,anchor_norm_outlier,0
61,21,0,additional_candidate_flag,anchor_norm_outlier,0
61,32,0,additional_candidate_flag,anchor_norm_outlier,0
61,36,0,additional_candidate_flag,anchor_norm_outlier,0
61,39,0,cleared_after_confirmation,confirmation_pass,0
61,40,0,additional_candidate_flag,anchor_norm_outlier,0
61,83,0,additional_candidate_flag,anchor_norm_outlier,0
61,96,0,additional_candidate_flag,anchor_norm_outlier,0
62,8,0,additional_candidate_flag,anchor_norm_outlier,0
62,21,0,cleared_after_confirmation,confirmation_pass,0
62,32,0,additional_candidate_flag,anchor_norm_outlier,0
62,36,0,cleared_after_confirmation,confirmation_pass,0
62,40,0,additional_candidate_flag,anchor_norm_outlier,0
62,83,0,cleared_after_confirmation,confirmation_pass,0
62,96,0,additional_candidate_flag,anchor_norm_outlier,0
63,8,0,additional_candidate_flag,anchor_norm_outlier,0
63,32,0,additional_candidate_flag,anchor_norm_outlier,0
63,40,0,additional_candidate_flag,anchor_norm_outlier,0
63,96,0,additional_candidate_flag,anchor_norm_outlier,0
64,8,0,cleared_after_confirmation,confirmation_pass,0
64,32,0,additional_candidate_flag,anchor_norm_outlier,0
64,40,0,additional_candidate_flag,anchor_norm_outlier,0
64,96,0,additional_candidate_flag,anchor_norm_outlier,0
65,32,0,additional_candidate_flag,anchor_norm_outlier,0
65,40,0,additional_candidate_flag,anchor_norm_outlier,0
65,96,0,additional_candidate_flag,anchor_norm_outlier,0
66,32,0,additional_candidate_flag,anchor_norm_outlier+layer_profile_outlier,3
66,40,0,additional_candidate_flag,anchor_norm_outlier,0
66,96,0,additional_candidate_flag,anchor_norm_outlier,0
67,32,0,additional_candidate_flag,anchor_norm_outlier,3
67,40,0,additional_candidate_flag,anchor_norm_outlier,0
67,96,0,additional_candidate_flag,anchor_norm_outlier,0
68,32,0,additional_candidate_flag,anchor_norm_outlier,3
68,40,0,additional_candidate_flag,anchor_norm_outlier,0
68,96,0,additional_candidate_flag,anchor_norm_outlier+layer_profile_outlier,3
69,32,0,additional_candidate_flag,anchor_norm_outlier,3
69,40,0,additional_candidate_flag,anchor_norm_outlier,0
69,96,0,additional_candidate_flag,anchor_norm_outlier,3
70,32,0,additional_candidate_flag,anchor_norm_outlier,3
70,40,0,additional_candidate_flag,anchor_norm_outlier,0
70,96,0,additional_candidate_flag,anchor_norm_outlier,3
70,32,0,rehabilitated_candidate,no_repeated_joint_failure,0
70,40,0,rehabilitated_candidate,no_repeated_joint_failure,0
70,96,0,rehabilitated_candidate,no_repeated_joint_failure,0
80,16,0,entered_candidate_state,norm_z_outlier,0
80,21,0,entered_candidate_state,norm_z_outlier,0
80,32,0,entered_candidate_state,norm_z_outlier,0
80,33,0,entered_candidate_state,norm_z_outlier,0
80,34,0,entered_candidate_state,norm_z_outlier,0
80,40,0,entered_candidate_state,norm_z_outlier,0
80,42,0,entered_candidate_state,norm_z_outlier,0
80,70,0,entered_candidate_state,norm_z_outlier,0
80,91,0,entered_candidate_state,norm_z_outlier,0
80,96,0,entered_candidate_state,norm_z_outlier,0
81,16,0,cleared_after_confirmation,confirmation_pass,0
81,21,0,additional_candidate_flag,anchor_norm_outlier,0
81,32,0,additional_candidate_flag,anchor_norm_outlier,0
81,33,0,cleared_after_confirmation,confirmation_pass,0
81,34,0,additional_candidate_flag,anchor_norm_outlier,0
81,40,0,additional_candidate_flag,anchor_norm_outlier,0
81,42,0,additional_candidate_flag,anchor_norm_outlier,0
81,70,0,cleared_after_confirmation,confirmation_pass,0
81,91,0,additional_candidate_flag,anchor_norm_outlier,0
81,96,0,additional_candidate_flag,anchor_norm_outlier,0
82,21,0,additional_candidate_flag,anchor_norm_outlier,0
82,32,0,additional_candidate_flag,anchor_norm_outlier,0
82,34,0,additional_candidate_flag,anchor_norm_outlier,0
82,40,0,additional_candidate_flag,anchor_norm_outlier,0
82,42,0,additional_candidate_flag,anchor_norm_outlier,0
82,91,0,additional_candidate_flag,anchor_norm_outlier,0
82,96,0,additional_candidate_flag,anchor_norm_outlier,0
83,21,0,additional_candidate_flag,anchor_norm_outlier,0
83,32,0,additional_candidate_flag,anchor_norm_outlier,0
83,34,0,cleared_after_confirmation,confirmation_pass,0
83,40,0,additional_candidate_flag,anchor_norm_outlier,0
83,42,0,additional_candidate_flag,anchor_norm_outlier,0
83,91,0,cleared_after_confirmation,confirmation_pass,0
83,96,0,additional_candidate_flag,anchor_norm_outlier,0
84,21,0,additional_candidate_flag,anchor_norm_outlier,0
84,32,0,additional_candidate_flag,anchor_norm_outlier,0
84,40,0,additional_candidate_flag,anchor_norm_outlier,0
84,42,0,additional_candidate_flag,anchor_norm_outlier,0
84,96,0,additional_candidate_flag,anchor_norm_outlier,0
85,21,0,additional_candidate_flag,anchor_norm_outlier,0
85,32,0,additional_candidate_flag,anchor_norm_outlier+layer_profile_outlier,3
85,40,0,additional_candidate_flag,anchor_norm_outlier,0
85,42,0,additional_candidate_flag,anchor_norm_outlier,0
85,96,0,additional_candidate_flag,anchor_norm_outlier,0
86,21,0,additional_candidate_flag,anchor_norm_outlier,0
86,32,0,additional_candidate_flag,anchor_norm_outlier,3
86,40,0,additional_candidate_flag,anchor_norm_outlier,0
86,42,0,additional_candidate_flag,anchor_norm_outlier,0
86,96,0,additional_candidate_flag,anchor_norm_outlier,0
87,21,0,additional_candidate_flag,anchor_norm_outlier,0
87,32,0,additional_candidate_flag,anchor_norm_outlier,3
87,40,0,additional_candidate_flag,anchor_norm_outlier,0
87,42,0,additional_candidate_flag,anchor_norm_outlier,0
87,96,0,additional_candidate_flag,anchor_norm_outlier,0
88,21,0,additional_candidate_flag,anchor_norm_outlier,0
88,32,0,additional_candidate_flag,anchor_norm_outlier,3
88,40,0,additional_candidate_flag,anchor_norm_outlier,0
88,42,0,additional_candidate_flag,anchor_norm_outlier,0
88,96,0,additional_candidate_flag,anchor_norm_outlier,0
89,21,0,additional_candidate_flag,anchor_norm_outlier,0
89,32,0,additional_candidate_flag,anchor_norm_outlier,3
89,40,0,additional_candidate_flag,anchor_norm_outlier,0
89,42,0,additional_candidate_flag,anchor_norm_outlier,0
89,96,0,additional_candidate_flag,anchor_norm_outlier,0
90,21,0,additional_candidate_flag,anchor_norm_outlier,0
90,32,0,additional_candidate_flag,anchor_norm_outlier,3
90,40,0,additional_candidate_flag,anchor_norm_outlier,0
90,42,0,additional_candidate_flag,anchor_norm_outlier,0
90,83,0,entered_candidate_state,norm_z_outlier,0
90,96,0,additional_candidate_flag,anchor_norm_outlier+layer_profile_outlier,3
90,96,0,rehabilitated_candidate,no_repeated_joint_failure,0
90,32,0,rehabilitated_candidate,no_repeated_joint_failure,0
90,21,0,rehabilitated_candidate,no_repeated_joint_failure,0
90,40,0,rehabilitated_candidate,no_repeated_joint_failure,0
90,42,0,rehabilitated_candidate,no_repeated_joint_failure,0
91,83,0,cleared_after_confirmation,confirmation_pass,0
100,21,0,entered_candidate_state,norm_z_outlier,0
100,32,0,entered_candidate_state,norm_z_outlier,0
100,40,0,entered_candidate_state,norm_z_outlier,0
100,42,0,entered_candidate_state,norm_z_outlier,0
100,96,0,entered_candidate_state,norm_z_outlier,0
