round,evaluated_clients,true_positives,false_positives,true_negatives,false_negatives,detection_accuracy,precision,recall,f1,false_positive_rate,false_negative_rate,specificity,detector_time_seconds,new_removals,new_rehabilitations,num_suspected,num_candidates
1,100,0,0,60,40,0.6,0.0,0.0,0.0,0.0,1.0,1.0,1.9143776999990223,0,0,0,0
2,100,40,0,60,0,1.0,1.0,1.0,1.0,0.0,0.0,1.0,1.9457335000006424,0,0,40,0
3,100,40,0,60,0,1.0,1.0,1.0,1.0,0.0,0.0,1.0,1.9272037999999156,0,0,40,0
4,100,40,0,60,0,1.0,1.0,1.0,1.0,0.0,0.0,1.0,1.9256514999997307,0,0,40,0
5,100,40,0,60,0,1.0,1.0,1.0,1.0,0.0,0.0,1.0,1.9323588000006566,0,0,40,0
6,100,40,0,60,0,1.0,1.0,1.0,1.0,0.0,0.0,1.0,1.9226467999997112,0,0,40,0
7,100,40,0,60,0,1.0,1.0,1.0,1.0,0.0,0.0,1.0,1.9416590999990149,0,0,40,0
8,100,40,2,58,0,0.98,0.9523809523809523,1.0,0.975609756097561,0.03333333333333333,0.0,0.9666666666666667,1.9298713999996835,0,0,42,0
9,100,40,0,60,0,1.0,1.0,1.0,1.0,0.0,0.0,1.0,1.9374055999996926,0,0,40,0
10,100,40,0,60,0,1.0,1.0,1.0,1.0,0.0,0.0,1.0,2.0808028999999806,0,0,40,0
11,100,40,1,59,0,0.99,0.975609756097561,1.0,0.9876543209876543,0.016666666666666666,0.0,0.9833333333333333,1.9331719000001613,0,0,41,0
12,100,0,5,55,40,0.55,0.0,0.0,0.0,0.08333333333333333,1.0,0.9166666666666666,1.9303282000000763,0,0,5,0
13,100,40,0,60,0,1.0,1.0,1.0,1.0,0.0,0.0,1.0,1.935924099998374,0,0,40,0
14,100,0,18,42,40,0.42,0.0,0.0,0.0,0.3,1.0,0.7,1.9368723000006867,0,0,18,0
15,100,0,7,53,40,0.53,0.0,0.0,0.0,0.11666666666666667,1.0,0.8833333333333333,1.926531499999328,0,0,7,0
16,100,40,1,59,0,0.99,0.975609756097561,1.0,0.9876543209876543,0.016666666666666666,0.0,0.9833333333333333,1.9330589000001055,0,0,41,0
17,100,40,1,59,0,0.99,0.975609756097561,1.0,0.9876543209876543,0.016666666666666666,0.0,0.9833333333333333,1.9235056999987137,0,0,41,0
18,100,0,5,55,40,0.55,0.0,0.0,0.0,0.08333333333333333,1.0,0.9166666666666666,1.9290577000010671,0,0,5,0
19,100,40,0,60,0,1.0,1.0,1.0,1.0,0.0,0.0,1.0,1.9338502999999037,0,0,40,0
20,100,0,13,47,40,0.47,0.0,0.0,0.0,0.21666666666666667,1.0,0.7833333333333333,1.9175508999996964,0,0,13,0
21,100,40,2,58,0,0.98,0.9523809523809523,1.0,0.975609756097561,0.03333333333333333,0.0,0.9666666666666667,1.9380713999998989,0,0,42,0
22,100,0,18,42,40,0.42,0.0,0.0,0.0,0.3,1.0,0.7,1.9088024999982736,0,0,18,0
23,100,40,1,59,0,0.99,0.975609756097561,1.0,0.9876543209876543,0.016666666666666666,0.0,0.9833333333333333,1.9249138999985007,0,0,41,0
24,100,0,5,55,40,0.55,0.0,0.0,0.0,0.08333333333333333,1.0,0.9166666666666666,1.9171750000023167,0,0,5,0
25,100,0,5,55,40,0.55,0.0,0.0,0.0,0.08333333333333333,1.0,0.9166666666666666,1.9252189999970142,0,0,5,0
26,100,0,2,58,40,0.58,0.0,0.0,0.0,0.03333333333333333,1.0,0.9666666666666667,1.9187096000023303,0,0,2,0
27,100,0,5,55,40,0.55,0.0,0.0,0.0,0.08333333333333333,1.0,0.9166666666666666,1.9158538000010594,0,0,5,0
28,100,40,1,59,0,0.99,0.975609756097561,1.0,0.9876543209876543,0.016666666666666666,0.0,0.9833333333333333,1.9006412000017008,0,0,41,0
29,100,40,0,60,0,1.0,1.0,1.0,1.0,0.0,0.0,1.0,1.9066837999998825,0,0,40,0
30,100,40,1,59,0,0.99,0.975609756097561,1.0,0.9876543209876543,0.016666666666666666,0.0,0.9833333333333333,1.9079722999995283,0,0,41,0
31,100,40,2,58,0,0.98,0.9523809523809523,1.0,0.975609756097561,0.03333333333333333,0.0,0.9666666666666667,1.917755300000863,0,0,42,0
32,100,40,0,60,0,1.0,1.0,1.0,1.0,0.0,0.0,1.0,1.9521717999996326,0,0,40,0
33,100,40,0,60,0,1.0,1.0,1.0,1.0,0.0,0.0,1.0,1.937901299999794,0,0,40,0
34,100,40,0,60,0,1.0,1.0,1.0,1.0,0.0,0.0,1.0,1.9249951999991026,0,0,40,0
35,100,40,0,60,0,1.0,1.0,1.0,1.0,0.0,0.0,1.0,1.917112899998756,0,0,40,0
36,100,0,10,50,40,0.5,0.0,0.0,0.0,0.16666666666666666,1.0,0.8333333333333334,1.9166233000032662,0,0,10,0
37,100,40,0,60,0,1.0,1.0,1.0,1.0,0.0,0.0,1.0,1.9216040000028443,0,0,40,0
38,100,0,14,46,40,0.46,0.0,0.0,0.0,0.23333333333333334,1.0,0.7666666666666667,1.9246451999970304,0,0,14,0
39,100,0,10,50,40,0.5,0.0,0.0,0.0,0.16666666666666666,1.0,0.8333333333333334,1.9367917999989004,0,0,10,0
40,100,40,0,60,0,1.0,1.0,1.0,1.0,0.0,0.0,1.0,1.923616199997923,0,0,40,0
41,100,0,6,54,40,0.54,0.0,0.0,0.0,0.1,1.0,0.9,1.9103614000014204,0,0,6,0
42,100,0,4,56,40,0.56,0.0,0.0,0.0,0.06666666666666667,1.0,0.9333333333333333,1.9364504000004672,0,0,4,0
43,100,0,1,59,40,0.59,0.0,0.0,0.0,0.016666666666666666,1.0,0.9833333333333333,1.9164942999996128,0,0,1,0
44,100,40,1,59,0,0.99,0.975609756097561,1.0,0.9876543209876543,0.016666666666666666,0.0,0.9833333333333333,1.9246920000005048,0,0,41,0
45,100,0,13,47,40,0.47,0.0,0.0,0.0,0.21666666666666667,1.0,0.7833333333333333,1.9236234999989392,0,0,13,0
46,100,0,7,53,40,0.53,0.0,0.0,0.0,0.11666666666666667,1.0,0.8833333333333333,1.924061800000345,0,0,7,0
47,100,40,0,60,0,1.0,1.0,1.0,1.0,0.0,0.0,1.0,1.9168690999977116,0,0,40,0
48,100,40,2,58,0,0.98,0.9523809523809523,1.0,0.975609756097561,0.03333333333333333,0.0,0.9666666666666667,1.909015900000668,0,0,42,0
49,100,0,4,56,40,0.56,0.0,0.0,0.0,0.06666666666666667,1.0,0.9333333333333333,1.9087594999982684,0,0,4,0
50,100,40,0,60,0,1.0,1.0,1.0,1.0,0.0,0.0,1.0,1.9043864000013855,0,0,40,0
51,100,40,0,60,0,1.0,1.0,1.0,1.0,0.0,0.0,1.0,1.902575899999647,0,0,40,0
52,100,40,1,59,0,0.99,0.975609756097561,1.0,0.9876543209876543,0.016666666666666666,0.0,0.9833333333333333,1.9201566000010644,0,0,41,0
53,100,40,1,59,0,0.99,0.975609756097561,1.0,0.9876543209876543,0.016666666666666666,0.0,0.9833333333333333,1.905613800001447,0,0,41,0
54,100,0,16,44,40,0.44,0.0,0.0,0.0,0.26666666666666666,1.0,0.7333333333333333,1.9221176000028208,0,0,16,0
55,100,40,0,60,0,1.0,1.0,1.0,1.0,0.0,0.0,1.0,1.9079995000029157,0,0,40,0
56,100,40,0,60,0,1.0,1.0,1.0,1.0,0.0,0.0,1.0,1.9715510999994876,0,0,40,0
57,100,40,2,58,0,0.98,0.9523809523809523,1.0,0.975609756097561,0.03333333333333333,0.0,0.9666666666666667,1.906233699999575,0,0,42,0
58,100,0,5,55,40,0.55,0.0,0.0,0.0,0.08333333333333333,1.0,0.9166666666666666,1.9063463999991654,0,0,5,0
59,100,0,2,58,40,0.58,0.0,0.0,0.0,0.03333333333333333,1.0,0.9666666666666667,1.9768922999974166,0,0,2,0
60,100,0,15,45,40,0.45,0.0,0.0,0.0,0.25,1.0,0.75,1.927157400001306,0,0,15,0
61,100,40,0,60,0,1.0,1.0,1.0,1.0,0.0,0.0,1.0,1.9162316999972973,0,0,40,0
62,100,40,0,60,0,1.0,1.0,1.0,1.0,0.0,0.0,1.0,1.927418299997953,0,0,40,0
63,100,40,0,60,0,1.0,1.0,1.0,1.0,0.0,0.0,1.0,1.913612500000454,0,0,40,0
64,100,40,0,60,0,1.0,1.0,1.0,1.0,0.0,0.0,1.0,1.905794700000115,0,0,40,0
65,100,40,0,60,0,1.0,1.0,1.0,1.0,0.0,0.0,1.0,1.959600499998487,0,0,40,0
66,100,40,1,59,0,0.99,0.975609756097561,1.0,0.9876543209876543,0.016666666666666666,0.0,0.9833333333333333,1.9228640000001178,0,0,41,0
67,100,0,1,59,40,0.59,0.0,0.0,0.0,0.016666666666666666,1.0,0.9833333333333333,1.932125299998006,0,0,1,0
68,100,40,0,60,0,1.0,1.0,1.0,1.0,0.0,0.0,1.0,1.9572369000015897,0,0,40,0
69,100,40,1,59,0,0.99,0.975609756097561,1.0,0.9876543209876543,0.016666666666666666,0.0,0.9833333333333333,1.9250085999992734,0,0,41,0
70,100,40,0,60,0,1.0,1.0,1.0,1.0,0.0,0.0,1.0,1.9108832999991137,0,0,40,0
71,100,40,1,59,0,0.99,0.975609756097561,1.0,0.9876543209876543,0.016666666666666666,0.0,0.9833333333333333,1.9613035000002128,0,0,41,0
72,100,0,6,54,40,0.54,0.0,0.0,0.0,0.1,1.0,0.9,1.922572700001183,0,0,6,0
73,100,0,6,54,40,0.54,0.0,0.0,0.0,0.1,1.0,0.9,1.9174443999982032,0,0,6,0
74,100,40,0,60,0,1.0,1.0,1.0,1.0,0.0,0.0,1.0,1.9821214000003238,0,0,40,0
75,100,40,0,60,0,1.0,1.0,1.0,1.0,0.0,0.0,1.0,1.9243753000009747,0,0,40,0
76,100,0,7,53,40,0.53,0.0,0.0,0.0,0.11666666666666667,1.0,0.8833333333333333,1.9230525000020862,0,0,7,0
77,100,40,0,60,0,1.0,1.0,1.0,1.0,0.0,0.0,1.0,1.978805700000521,0,0,40,0
78,100,40,0,60,0,1.0,1.0,1.0,1.0,0.0,0.0,1.0,1.9231906999993953,0,0,40,0
79,100,0,9,51,40,0.51,0.0,0.0,0.0,0.15,1.0,0.85,1.9237465000005614,0,0,9,0
80,100,40,0,60,0,1.0,1.0,1.0,1.0,0.0,0.0,1.0,1.9658845000012661,0,0,40,0
81,100,0,8,52,40,0.52,0.0,0.0,0.0,0.13333333333333333,1.0,0.8666666666666667,1.943542900000466,0,0,8,0
82,100,0,8,52,40,0.52,0.0,0.0,0.0,0.13333333333333333,1.0,0.8666666666666667,1.904467399999703,0,0,8,0
83,100,40,0,60,0,1.0,1.0,1.0,1.0,0.0,0.0,1.0,1.959148699999787,0,0,40,0
84,100,40,0,60,0,1.0,1.0,1.0,1.0,0.0,0.0,1.0,1.9088479000020016,0,0,40,0
85,100,40,1,59,0,0.99,0.975609756097561,1.0,0.9876543209876543,0.016666666666666666,0.0,0.9833333333333333,1.9184881000001042,0,0,41,0
86,100,0,3,57,40,0.57,0.0,0.0,0.0,0.05,1.0,0.95,1.9793373999964388,0,0,3,0
87,100,0,6,54,40,0.54,0.0,0.0,0.0,0.1,1.0,0.9,1.9881391000017175,0,0,6,0
88,100,40,2,58,0,0.98,0.9523809523809523,1.0,0.975609756097561,0.03333333333333333,0.0,0.9666666666666667,1.9099853000006988,0,0,42,0
89,100,40,0,60,0,1.0,1.0,1.0,1.0,0.0,0.0,1.0,1.9594969999998284,0,0,40,0
90,100,40,0,60,0,1.0,1.0,1.0,1.0,0.0,0.0,1.0,1.9255961000017123,0,0,40,0
91,100,0,2,58,40,0.58,0.0,0.0,0.0,0.03333333333333333,1.0,0.9666666666666667,1.9207218999981706,0,0,2,0
92,100,0,7,53,40,0.53,0.0,0.0,0.0,0.11666666666666667,1.0,0.8833333333333333,1.9864558999979636,0,0,7,0
93,100,40,2,58,0,0.98,0.9523809523809523,1.0,0.975609756097561,0.03333333333333333,0.0,0.9666666666666667,1.9252278999992996,0,0,42,0
94,100,40,0,60,0,1.0,1.0,1.0,1.0,0.0,0.0,1.0,1.9204399999980524,0,0,40,0
95,100,0,6,54,40,0.54,0.0,0.0,0.0,0.1,1.0,0.9,1.9766573999986576,0,0,6,0
96,100,0,9,51,40,0.51,0.0,0.0,0.0,0.15,1.0,0.85,1.9277801000025647,0,0,9,0
97,100,40,1,59,0,0.99,0.975609756097561,1.0,0.9876543209876543,0.016666666666666666,0.0,0.9833333333333333,1.9061587999967742,0,0,41,0
98,100,0,1,59,40,0.59,0.0,0.0,0.0,0.016666666666666666,1.0,0.9833333333333333,1.9724087000031432,0,0,1,0
99,100,0,1,59,40,0.59,0.0,0.0,0.0,0.016666666666666666,1.0,0.9833333333333333,1.937773699999525,0,0,1,0
100,100,40,1,59,0,0.99,0.975609756097561,1.0,0.9876543209876543,0.016666666666666666,0.0,0.9833333333333333,1.919420700000046,0,0,41,0
