round,client_id,phase,role,group_id
11,6,coverage,initial_coverage,coverage_trap_0
11,10,coverage,initial_coverage,coverage_trap_0
11,16,coverage,initial_coverage,coverage_trap_0
11,24,coverage,initial_coverage,coverage_trap_0
11,34,coverage,initial_coverage,coverage_trap_0
11,40,coverage,initial_coverage,coverage_trap_0
11,43,coverage,initial_coverage,coverage_trap_0
11,47,coverage,initial_coverage,coverage_trap_0
11,54,coverage,initial_coverage,coverage_trap_0
11,56,coverage,initial_coverage,coverage_trap_0
11,60,coverage,initial_coverage,coverage_trap_0
11,67,coverage,initial_coverage,coverage_trap_0
11,68,coverage,initial_coverage,coverage_trap_0
11,70,coverage,initial_coverage,coverage_trap_0
11,75,coverage,initial_coverage,coverage_trap_0
11,78,coverage,initial_coverage,coverage_trap_0
11,84,coverage,initial_coverage,coverage_trap_0
11,93,coverage,initial_coverage,coverage_trap_0
11,95,coverage,initial_coverage,coverage_trap_0
11,97,coverage,initial_coverage,coverage_trap_0
12,3,coverage,initial_coverage,coverage_trap_0
12,4,coverage,initial_coverage,coverage_trap_0
12,7,coverage,initial_coverage,coverage_trap_0
12,9,coverage,initial_coverage,coverage_trap_0
12,11,coverage,initial_coverage,coverage_trap_0
12,15,coverage,initial_coverage,coverage_trap_0
12,20,coverage,initial_coverage,coverage_trap_0
12,21,coverage,initial_coverage,coverage_trap_0
12,23,coverage,initial_coverage,coverage_trap_0
12,25,coverage,initial_coverage,coverage_trap_0
12,33,coverage,initial_coverage,coverage_trap_0
12,35,coverage,initial_coverage,coverage_trap_0
12,37,coverage,initial_coverage,coverage_trap_0
12,39,coverage,initial_coverage,coverage_trap_0
12,45,coverage,initial_coverage,coverage_trap_0
12,66,coverage,initial_coverage,coverage_trap_0
12,74,coverage,initial_coverage,coverage_trap_0
12,79,coverage,initial_coverage,coverage_trap_0
12,89,coverage,initial_coverage,coverage_trap_0
12,98,coverage,initial_coverage,coverage_trap_0
13,5,coverage,initial_coverage,coverage_trap_0
13,12,coverage,initial_coverage,coverage_trap_0
13,13,coverage,initial_coverage,coverage_trap_0
13,14,coverage,initial_coverage,coverage_trap_0
13,26,coverage,initial_coverage,coverage_trap_0
13,30,coverage,initial_coverage,coverage_trap_0
13,38,coverage,initial_coverage,coverage_trap_0
13,42,coverage,initial_coverage,coverage_trap_0
13,46,coverage,initial_coverage,coverage_trap_0
13,55,coverage,initial_coverage,coverage_trap_0
13,58,coverage,initial_coverage,coverage_trap_0
13,61,coverage,initial_coverage,coverage_trap_0
13,63,coverage,initial_coverage,coverage_trap_0
13,81,coverage,initial_coverage,coverage_trap_0
13,83,coverage,initial_coverage,coverage_trap_0
13,87,coverage,initial_coverage,coverage_trap_0
13,90,coverage,initial_coverage,coverage_trap_0
13,92,coverage,initial_coverage,coverage_trap_0
13,96,coverage,initial_coverage,coverage_trap_0
13,99,coverage,initial_coverage,coverage_trap_0
14,8,coverage,initial_coverage,coverage_trap_0
14,17,coverage,initial_coverage,coverage_trap_0
14,18,coverage,initial_coverage,coverage_trap_0
14,22,coverage,initial_coverage,coverage_trap_0
14,32,coverage,initial_coverage,coverage_trap_0
14,41,coverage,initial_coverage,coverage_trap_0
14,48,coverage,initial_coverage,coverage_trap_0
14,49,coverage,initial_coverage,coverage_trap_0
14,51,coverage,initial_coverage,coverage_trap_0
14,53,coverage,initial_coverage,coverage_trap_0
14,57,coverage,initial_coverage,coverage_trap_0
14,59,coverage,initial_coverage,coverage_trap_0
14,62,coverage,initial_coverage,coverage_trap_0
14,65,coverage,initial_coverage,coverage_trap_0
14,69,coverage,initial_coverage,coverage_trap_0
14,80,coverage,initial_coverage,coverage_trap_0
14,82,coverage,initial_coverage,coverage_trap_0
14,86,coverage,initial_coverage,coverage_trap_0
14,88,coverage,initial_coverage,coverage_trap_0
14,91,coverage,initial_coverage,coverage_trap_0
15,0,coverage,initial_coverage,coverage_trap_0
15,1,coverage,initial_coverage,coverage_trap_0
15,2,coverage,initial_coverage,coverage_trap_0
15,19,coverage,initial_coverage,coverage_trap_0
15,27,coverage,initial_coverage,coverage_trap_0
15,28,coverage,initial_coverage,coverage_trap_0
15,29,coverage,initial_coverage,coverage_trap_0
15,31,coverage,initial_coverage,coverage_trap_0
15,36,coverage,initial_coverage,coverage_trap_0
15,44,coverage,initial_coverage,coverage_trap_0
15,50,coverage,initial_coverage,coverage_trap_0
15,52,coverage,initial_coverage,coverage_trap_0
15,64,coverage,initial_coverage,coverage_trap_0
15,71,coverage,initial_coverage,coverage_trap_0
15,72,coverage,initial_coverage,coverage_trap_0
15,73,coverage,initial_coverage,coverage_trap_0
15,76,coverage,initial_coverage,coverage_trap_0
15,77,coverage,initial_coverage,coverage_trap_0
15,85,coverage,initial_coverage,coverage_trap_0
15,94,coverage,initial_coverage,coverage_trap_0
16,0,coverage,initial_coverage,coverage_trap_1
16,1,coverage,initial_coverage,coverage_trap_1
16,3,coverage,initial_coverage,coverage_trap_1
16,4,coverage,initial_coverage,coverage_trap_1
16,11,coverage,initial_coverage,coverage_trap_1
16,15,coverage,initial_coverage,coverage_trap_1
16,20,coverage,initial_coverage,coverage_trap_1
16,25,coverage,initial_coverage,coverage_trap_1
16,29,coverage,initial_coverage,coverage_trap_1
16,31,coverage,initial_coverage,coverage_trap_1
16,33,coverage,initial_coverage,coverage_trap_1
16,39,coverage,initial_coverage,coverage_trap_1
16,45,coverage,initial_coverage,coverage_trap_1
16,52,coverage,initial_coverage,coverage_trap_1
16,64,coverage,initial_coverage,coverage_trap_1
16,71,coverage,initial_coverage,coverage_trap_1
16,76,coverage,initial_coverage,coverage_trap_1
16,77,coverage,initial_coverage,coverage_trap_1
16,85,coverage,initial_coverage,coverage_trap_1
16,89,coverage,initial_coverage,coverage_trap_1
17,6,coverage,initial_coverage,coverage_trap_1
17,10,coverage,initial_coverage,coverage_trap_1
17,12,coverage,initial_coverage,coverage_trap_1
17,13,coverage,initial_coverage,coverage_trap_1
17,16,coverage,initial_coverage,coverage_trap_1
17,34,coverage,initial_coverage,coverage_trap_1
17,40,coverage,initial_coverage,coverage_trap_1
17,42,coverage,initial_coverage,coverage_trap_1
17,47,coverage,initial_coverage,coverage_trap_1
17,56,coverage,initial_coverage,coverage_trap_1
17,58,coverage,initial_coverage,coverage_trap_1
17,67,coverage,initial_coverage,coverage_trap_1
17,81,coverage,initial_coverage,coverage_trap_1
17,83,coverage,initial_coverage,coverage_trap_1
17,87,coverage,initial_coverage,coverage_trap_1
17,90,coverage,initial_coverage,coverage_trap_1
17,95,coverage,initial_coverage,coverage_trap_1
17,96,coverage,initial_coverage,coverage_trap_1
17,97,coverage,initial_coverage,coverage_trap_1
17,99,coverage,initial_coverage,coverage_trap_1
18,2,coverage,initial_coverage,coverage_trap_1
18,7,coverage,initial_coverage,coverage_trap_1
18,9,coverage,initial_coverage,coverage_trap_1
18,19,coverage,initial_coverage,coverage_trap_1
18,21,coverage,initial_coverage,coverage_trap_1
18,23,coverage,initial_coverage,coverage_trap_1
18,27,coverage,initial_coverage,coverage_trap_1
18,28,coverage,initial_coverage,coverage_trap_1
18,35,coverage,initial_coverage,coverage_trap_1
18,36,coverage,initial_coverage,coverage_trap_1
18,37,coverage,initial_coverage,coverage_trap_1
18,44,coverage,initial_coverage,coverage_trap_1
18,50,coverage,initial_coverage,coverage_trap_1
18,66,coverage,initial_coverage,coverage_trap_1
18,72,coverage,initial_coverage,coverage_trap_1
18,73,coverage,initial_coverage,coverage_trap_1
18,74,coverage,initial_coverage,coverage_trap_1
18,79,coverage,initial_coverage,coverage_trap_1
18,94,coverage,initial_coverage,coverage_trap_1
18,98,coverage,initial_coverage,coverage_trap_1
19,8,coverage,initial_coverage,coverage_trap_1
19,22,coverage,initial_coverage,coverage_trap_1
19,24,coverage,initial_coverage,coverage_trap_1
19,41,coverage,initial_coverage,coverage_trap_1
19,43,coverage,initial_coverage,coverage_trap_1
19,49,coverage,initial_coverage,coverage_trap_1
19,54,coverage,initial_coverage,coverage_trap_1
19,57,coverage,initial_coverage,coverage_trap_1
19,60,coverage,initial_coverage,coverage_trap_1
19,65,coverage,initial_coverage,coverage_trap_1
19,68,coverage,initial_coverage,coverage_trap_1
19,69,coverage,initial_coverage,coverage_trap_1
19,70,coverage,initial_coverage,coverage_trap_1
19,75,coverage,initial_coverage,coverage_trap_1
19,78,coverage,initial_coverage,coverage_trap_1
19,80,coverage,initial_coverage,coverage_trap_1
19,84,coverage,initial_coverage,coverage_trap_1
19,86,coverage,initial_coverage,coverage_trap_1
19,91,coverage,initial_coverage,coverage_trap_1
19,93,coverage,initial_coverage,coverage_trap_1
20,5,coverage,initial_coverage,coverage_trap_1
20,14,coverage,initial_coverage,coverage_trap_1
20,17,coverage,initial_coverage,coverage_trap_1
20,18,coverage,initial_coverage,coverage_trap_1
20,26,coverage,initial_coverage,coverage_trap_1
20,30,coverage,initial_coverage,coverage_trap_1
20,32,coverage,initial_coverage,coverage_trap_1
20,38,coverage,initial_coverage,coverage_trap_1
20,46,coverage,initial_coverage,coverage_trap_1
20,48,coverage,initial_coverage,coverage_trap_1
20,51,coverage,initial_coverage,coverage_trap_1
20,53,coverage,initial_coverage,coverage_trap_1
20,55,coverage,initial_coverage,coverage_trap_1
20,59,coverage,initial_coverage,coverage_trap_1
20,61,coverage,initial_coverage,coverage_trap_1
20,62,coverage,initial_coverage,coverage_trap_1
20,63,coverage,initial_coverage,coverage_trap_1
20,82,coverage,initial_coverage,coverage_trap_1
20,88,coverage,initial_coverage,coverage_trap_1
20,92,coverage,initial_coverage,coverage_trap_1
21,98,confirmation,anchor,0
21,43,confirmation,anchor,0
21,62,confirmation,anchor,0
21,64,confirmation,candidate,0
21,65,confirmation,candidate,0
21,3,confirmation,candidate,0
21,4,confirmation,candidate,0
21,76,confirmation,candidate,0
21,77,confirmation,candidate,0
21,15,confirmation,candidate,0
21,49,confirmation,candidate,0
21,20,confirmation,candidate,0
21,85,confirmation,candidate,0
21,22,confirmation,candidate,0
21,89,confirmation,candidate,0
21,91,confirmation,candidate,0
21,0,confirmation,surveillance,Y
21,68,confirmation,surveillance,Y
21,69,confirmation,surveillance,Y
21,38,confirmation,surveillance,Y
21,8,confirmation,surveillance,Y
21,9,confirmation,surveillance,Y
21,47,confirmation,surveillance,Y
21,80,confirmation,surveillance,Y
21,54,confirmation,surveillance,Y
22,12,confirmation,anchor,0
22,28,confirmation,anchor,0
22,61,confirmation,anchor,0
22,64,confirmation,candidate,0
22,65,confirmation,candidate,0
22,3,confirmation,candidate,0
22,4,confirmation,candidate,0
22,76,confirmation,candidate,0
22,77,confirmation,candidate,0
22,15,confirmation,candidate,0
22,49,confirmation,candidate,0
22,20,confirmation,candidate,0
22,85,confirmation,candidate,0
22,22,confirmation,candidate,0
22,89,confirmation,candidate,0
22,91,confirmation,candidate,0
22,39,confirmation,surveillance,Y
22,73,confirmation,surveillance,Y
22,18,confirmation,surveillance,Y
22,83,confirmation,surveillance,Y
22,82,confirmation,surveillance,Y
22,26,confirmation,surveillance,Y
22,59,confirmation,surveillance,Y
22,31,confirmation,surveillance,Y
22,63,confirmation,surveillance,Y
23,16,confirmation,anchor,0
23,81,confirmation,anchor,0
23,18,confirmation,anchor,0
23,64,confirmation,candidate,0
23,65,confirmation,candidate,0
23,3,confirmation,candidate,0
23,4,confirmation,candidate,0
23,76,confirmation,candidate,0
23,77,confirmation,candidate,0
23,15,confirmation,candidate,0
23,49,confirmation,candidate,0
23,20,confirmation,candidate,0
23,85,confirmation,candidate,0
23,22,confirmation,candidate,0
23,89,confirmation,candidate,0
23,91,confirmation,candidate,0
23,1,confirmation,surveillance,Y
23,66,confirmation,surveillance,Y
23,74,confirmation,surveillance,Y
23,10,confirmation,surveillance,Y
23,12,confirmation,surveillance,Y
23,13,confirmation,surveillance,Y
23,51,confirmation,surveillance,Y
23,52,confirmation,surveillance,Y
23,28,confirmation,surveillance,Y
24,32,surveillance,surveillance,Y
24,33,surveillance,surveillance,Y
24,65,surveillance,surveillance,Y
24,7,surveillance,surveillance,Y
24,44,surveillance,surveillance,Y
24,76,surveillance,surveillance,Y
24,19,surveillance,surveillance,Y
24,20,surveillance,surveillance,Y
24,85,surveillance,surveillance,Y
24,55,surveillance,surveillance,Y
24,57,surveillance,surveillance,Y
24,90,surveillance,surveillance,Y
24,27,surveillance,surveillance,Y
25,34,surveillance,surveillance,Y
25,98,surveillance,surveillance,Y
25,35,surveillance,surveillance,Y
25,5,surveillance,surveillance,Y
25,71,surveillance,surveillance,Y
25,75,surveillance,surveillance,Y
25,45,surveillance,surveillance,Y
25,46,surveillance,surveillance,Y
25,84,surveillance,surveillance,Y
26,64,surveillance,surveillance,Y
26,97,surveillance,surveillance,Y
26,70,surveillance,surveillance,Y
26,50,surveillance,surveillance,Y
26,21,surveillance,surveillance,Y
26,23,surveillance,surveillance,Y
26,56,surveillance,surveillance,Y
26,88,surveillance,surveillance,Y
26,61,surveillance,surveillance,Y
26,30,surveillance,surveillance,Y
27,36,surveillance,surveillance,Y
27,37,surveillance,surveillance,Y
27,72,surveillance,surveillance,Y
27,42,surveillance,surveillance,Y
27,43,surveillance,surveillance,Y
27,77,surveillance,surveillance,Y
27,48,surveillance,surveillance,Y
27,86,surveillance,surveillance,Y
27,89,surveillance,surveillance,Y
27,60,surveillance,surveillance,Y
27,29,surveillance,surveillance,Y
28,2,surveillance,surveillance,Y
28,99,surveillance,surveillance,Y
28,14,surveillance,surveillance,Y
28,79,surveillance,surveillance,Y
28,16,surveillance,surveillance,Y
28,15,surveillance,surveillance,Y
28,93,surveillance,surveillance,Y
28,62,surveillance,surveillance,Y
28,95,surveillance,surveillance,Y
29,4,surveillance,surveillance,Y
29,6,surveillance,surveillance,Y
29,40,surveillance,surveillance,Y
29,41,surveillance,surveillance,Y
29,11,surveillance,surveillance,Y
29,81,surveillance,surveillance,Y
29,17,surveillance,surveillance,Y
29,22,surveillance,surveillance,Y
29,87,surveillance,surveillance,Y
29,25,surveillance,surveillance,Y
29,91,surveillance,surveillance,Y
30,96,surveillance,surveillance,Y
30,67,surveillance,surveillance,Y
30,3,surveillance,surveillance,Y
30,78,surveillance,surveillance,Y
30,49,surveillance,surveillance,Y
30,53,surveillance,surveillance,Y
30,24,surveillance,surveillance,Y
30,58,surveillance,surveillance,Y
30,92,surveillance,surveillance,Y
30,94,surveillance,surveillance,Y
31,26,confirmation,anchor,0
31,2,confirmation,anchor,0
31,79,confirmation,anchor,0
31,64,confirmation,candidate,0
31,97,confirmation,candidate,0
31,96,confirmation,candidate,0
31,70,confirmation,candidate,0
31,50,confirmation,candidate,0
31,23,confirmation,candidate,0
31,88,confirmation,candidate,0
31,57,confirmation,candidate,0
31,99,confirmation,surveillance,Y
31,35,confirmation,surveillance,Y
31,16,confirmation,surveillance,Y
31,51,confirmation,surveillance,Y
31,52,confirmation,surveillance,Y
31,21,confirmation,surveillance,Y
31,56,confirmation,surveillance,Y
31,89,confirmation,surveillance,Y
31,27,confirmation,surveillance,Y
31,94,confirmation,surveillance,Y
32,56,confirmation,anchor,0
32,10,confirmation,anchor,0
32,58,confirmation,anchor,0
32,96,confirmation,candidate,0
32,57,confirmation,candidate,0
32,97,confirmation,surveillance,Y
32,3,confirmation,surveillance,Y
32,72,confirmation,surveillance,Y
32,75,confirmation,surveillance,Y
32,12,confirmation,surveillance,Y
32,28,confirmation,surveillance,Y
32,11,confirmation,surveillance,Y
32,15,confirmation,surveillance,Y
32,83,confirmation,surveillance,Y
32,26,confirmation,surveillance,Y
32,92,confirmation,surveillance,Y
33,0,surveillance,surveillance,Y
33,33,surveillance,surveillance,Y
33,98,surveillance,surveillance,Y
33,96,surveillance,surveillance,Y
33,8,surveillance,surveillance,Y
33,43,surveillance,surveillance,Y
33,45,surveillance,surveillance,Y
33,91,surveillance,surveillance,Y
33,61,surveillance,surveillance,Y
33,95,surveillance,surveillance,Y
34,4,surveillance,surveillance,Y
34,37,surveillance,surveillance,Y
34,70,surveillance,surveillance,Y
34,40,surveillance,surveillance,Y
34,44,surveillance,surveillance,Y
34,13,surveillance,surveillance,Y
34,82,surveillance,surveillance,Y
34,55,surveillance,surveillance,Y
34,22,surveillance,surveillance,Y
34,54,surveillance,surveillance,Y
35,38,surveillance,surveillance,Y
35,6,surveillance,surveillance,Y
35,74,surveillance,surveillance,Y
35,47,surveillance,surveillance,Y
35,80,surveillance,surveillance,Y
35,48,surveillance,surveillance,Y
35,23,surveillance,surveillance,Y
35,87,surveillance,surveillance,Y
35,58,surveillance,surveillance,Y
35,62,surveillance,surveillance,Y
36,64,surveillance,surveillance,Y
36,66,surveillance,surveillance,Y
36,5,surveillance,surveillance,Y
36,39,surveillance,surveillance,Y
36,41,surveillance,surveillance,Y
36,42,surveillance,surveillance,Y
36,14,surveillance,surveillance,Y
36,18,surveillance,surveillance,Y
36,19,surveillance,surveillance,Y
36,20,surveillance,surveillance,Y
37,36,surveillance,surveillance,Y
37,9,surveillance,surveillance,Y
37,31,surveillance,surveillance,Y
37,46,surveillance,surveillance,Y
37,57,surveillance,surveillance,Y
37,49,surveillance,surveillance,Y
37,50,surveillance,surveillance,Y
37,86,surveillance,surveillance,Y
37,88,surveillance,surveillance,Y
37,25,surveillance,surveillance,Y
37,60,surveillance,surveillance,Y
37,63,surveillance,surveillance,Y
38,1,surveillance,surveillance,Y
38,34,surveillance,surveillance,Y
38,2,surveillance,surveillance,Y
38,73,surveillance,surveillance,Y
38,10,surveillance,surveillance,Y
38,77,surveillance,surveillance,Y
38,81,surveillance,surveillance,Y
38,85,surveillance,surveillance,Y
38,90,surveillance,surveillance,Y
39,32,surveillance,surveillance,Y
39,67,surveillance,surveillance,Y
39,69,surveillance,surveillance,Y
39,71,surveillance,surveillance,Y
39,76,surveillance,surveillance,Y
39,78,surveillance,surveillance,Y
39,17,surveillance,surveillance,Y
39,59,surveillance,surveillance,Y
39,29,surveillance,surveillance,Y
40,65,surveillance,surveillance,Y
40,68,surveillance,surveillance,Y
40,7,surveillance,surveillance,Y
40,79,surveillance,surveillance,Y
40,84,surveillance,surveillance,Y
40,53,surveillance,surveillance,Y
40,24,surveillance,surveillance,Y
40,93,surveillance,surveillance,Y
40,30,surveillance,surveillance,Y
41,66,confirmation,anchor,0
41,19,confirmation,anchor,0
41,7,confirmation,anchor,0
41,33,confirmation,candidate,0
41,0,confirmation,surveillance,Y
41,32,confirmation,surveillance,Y
41,1,confirmation,surveillance,Y
41,5,confirmation,surveillance,Y
41,13,confirmation,surveillance,Y
41,50,confirmation,surveillance,Y
41,87,confirmation,surveillance,Y
41,24,confirmation,surveillance,Y
41,28,confirmation,surveillance,Y
41,61,confirmation,surveillance,Y
42,51,confirmation,anchor,0
42,93,confirmation,anchor,0
42,21,confirmation,anchor,0
42,33,confirmation,candidate,0
42,89,confirmation,surveillance,Y
42,68,confirmation,surveillance,Y
42,91,confirmation,surveillance,Y
42,44,confirmation,surveillance,Y
42,83,confirmation,surveillance,Y
42,52,confirmation,surveillance,Y
42,84,confirmation,surveillance,Y
42,86,confirmation,surveillance,Y
42,25,confirmation,surveillance,Y
42,27,confirmation,surveillance,Y
43,96,surveillance,surveillance,Y
43,4,surveillance,surveillance,Y
43,70,surveillance,surveillance,Y
43,6,surveillance,surveillance,Y
43,78,surveillance,surveillance,Y
43,14,surveillance,surveillance,Y
43,23,surveillance,surveillance,Y
43,57,surveillance,surveillance,Y
43,58,surveillance,surveillance,Y
43,93,surveillance,surveillance,Y
44,66,surveillance,surveillance,Y
44,36,surveillance,surveillance,Y
44,38,surveillance,surveillance,Y
44,8,surveillance,surveillance,Y
44,42,surveillance,surveillance,Y
44,92,surveillance,surveillance,Y
44,15,surveillance,surveillance,Y
44,79,surveillance,surveillance,Y
44,88,surveillance,surveillance,Y
44,60,surveillance,surveillance,Y
45,34,surveillance,surveillance,Y
45,39,surveillance,surveillance,Y
45,74,surveillance,surveillance,Y
45,46,surveillance,surveillance,Y
45,47,surveillance,surveillance,Y
45,16,surveillance,surveillance,Y
45,20,surveillance,surveillance,Y
45,56,surveillance,surveillance,Y
45,59,surveillance,surveillance,Y
45,30,surveillance,surveillance,Y
46,2,surveillance,surveillance,Y
46,35,surveillance,surveillance,Y
46,40,surveillance,surveillance,Y
46,41,surveillance,surveillance,Y
46,43,surveillance,surveillance,Y
46,45,surveillance,surveillance,Y
46,80,surveillance,surveillance,Y
46,17,surveillance,surveillance,Y
46,51,surveillance,surveillance,Y
46,62,surveillance,surveillance,Y
47,37,surveillance,surveillance,Y
47,71,surveillance,surveillance,Y
47,7,surveillance,surveillance,Y
47,72,surveillance,surveillance,Y
47,10,surveillance,surveillance,Y
47,75,surveillance,surveillance,Y
47,11,surveillance,surveillance,Y
47,85,surveillance,surveillance,Y
47,26,surveillance,surveillance,Y
47,95,surveillance,surveillance,Y
48,98,surveillance,surveillance,Y
48,3,surveillance,surveillance,Y
48,76,surveillance,surveillance,Y
48,48,surveillance,surveillance,Y
48,81,surveillance,surveillance,Y
48,49,surveillance,surveillance,Y
48,53,surveillance,surveillance,Y
48,54,surveillance,surveillance,Y
48,22,surveillance,surveillance,Y
48,31,surveillance,surveillance,Y
49,64,surveillance,surveillance,Y
49,97,surveillance,surveillance,Y
49,65,surveillance,surveillance,Y
49,67,surveillance,surveillance,Y
49,77,surveillance,surveillance,Y
49,82,surveillance,surveillance,Y
49,19,surveillance,surveillance,Y
49,55,surveillance,surveillance,Y
49,29,surveillance,surveillance,Y
49,63,surveillance,surveillance,Y
50,33,surveillance,surveillance,Y
50,99,surveillance,surveillance,Y
50,69,surveillance,surveillance,Y
50,9,surveillance,surveillance,Y
50,73,surveillance,surveillance,Y
50,12,surveillance,surveillance,Y
50,18,surveillance,surveillance,Y
50,21,surveillance,surveillance,Y
50,90,surveillance,surveillance,Y
50,94,surveillance,surveillance,Y
51,34,surveillance,surveillance,Y
51,36,surveillance,surveillance,Y
51,9,surveillance,surveillance,Y
51,42,surveillance,surveillance,Y
51,50,surveillance,surveillance,Y
51,51,surveillance,surveillance,Y
51,25,surveillance,surveillance,Y
51,90,surveillance,surveillance,Y
51,28,surveillance,surveillance,Y
51,31,surveillance,surveillance,Y
52,64,surveillance,surveillance,Y
52,66,surveillance,surveillance,Y
52,99,surveillance,surveillance,Y
52,67,surveillance,surveillance,Y
52,11,surveillance,surveillance,Y
52,78,surveillance,surveillance,Y
52,17,surveillance,surveillance,Y
52,22,surveillance,surveillance,Y
52,27,surveillance,surveillance,Y
52,60,surveillance,surveillance,Y
53,2,surveillance,surveillance,Y
53,98,surveillance,surveillance,Y
53,10,surveillance,surveillance,Y
53,45,surveillance,surveillance,Y
53,82,surveillance,surveillance,Y
53,85,surveillance,surveillance,Y
53,86,surveillance,surveillance,Y
53,56,surveillance,surveillance,Y
53,59,surveillance,surveillance,Y
53,63,surveillance,surveillance,Y
54,65,surveillance,surveillance,Y
54,37,surveillance,surveillance,Y
54,7,surveillance,surveillance,Y
54,43,surveillance,surveillance,Y
54,44,surveillance,surveillance,Y
54,77,surveillance,surveillance,Y
54,20,surveillance,surveillance,Y
54,93,surveillance,surveillance,Y
54,92,surveillance,surveillance,Y
54,61,surveillance,surveillance,Y
55,3,surveillance,surveillance,Y
55,68,surveillance,surveillance,Y
55,40,surveillance,surveillance,Y
55,46,surveillance,surveillance,Y
55,80,surveillance,surveillance,Y
55,18,surveillance,surveillance,Y
55,84,surveillance,surveillance,Y
55,54,surveillance,surveillance,Y
55,29,surveillance,surveillance,Y
55,62,surveillance,surveillance,Y
56,32,surveillance,surveillance,Y
56,69,surveillance,surveillance,Y
56,38,surveillance,surveillance,Y
56,5,surveillance,surveillance,Y
56,72,surveillance,surveillance,Y
56,73,surveillance,surveillance,Y
56,75,surveillance,surveillance,Y
56,12,surveillance,surveillance,Y
56,53,surveillance,surveillance,Y
56,24,surveillance,surveillance,Y
57,4,surveillance,surveillance,Y
57,6,surveillance,surveillance,Y
57,8,surveillance,surveillance,Y
57,48,surveillance,surveillance,Y
57,81,surveillance,surveillance,Y
57,19,surveillance,surveillance,Y
57,83,surveillance,surveillance,Y
57,87,surveillance,surveillance,Y
57,57,surveillance,surveillance,Y
57,26,surveillance,surveillance,Y
58,39,surveillance,surveillance,Y
58,74,surveillance,surveillance,Y
58,76,surveillance,surveillance,Y
58,13,surveillance,surveillance,Y
58,15,surveillance,surveillance,Y
58,16,surveillance,surveillance,Y
58,88,surveillance,surveillance,Y
58,58,surveillance,surveillance,Y
58,91,surveillance,surveillance,Y
58,94,surveillance,surveillance,Y
59,35,surveillance,surveillance,Y
59,70,surveillance,surveillance,Y
59,71,surveillance,surveillance,Y
59,41,surveillance,surveillance,Y
59,14,surveillance,surveillance,Y
59,49,surveillance,surveillance,Y
59,21,surveillance,surveillance,Y
59,55,surveillance,surveillance,Y
59,30,surveillance,surveillance,Y
59,95,surveillance,surveillance,Y
60,0,surveillance,surveillance,Y
60,33,surveillance,surveillance,Y
60,96,surveillance,surveillance,Y
60,97,surveillance,surveillance,Y
60,1,surveillance,surveillance,Y
60,47,surveillance,surveillance,Y
60,79,surveillance,surveillance,Y
60,52,surveillance,surveillance,Y
60,23,surveillance,surveillance,Y
60,89,surveillance,surveillance,Y
61,32,surveillance,surveillance,Y
61,6,surveillance,surveillance,Y
61,7,surveillance,surveillance,Y
61,75,surveillance,surveillance,Y
61,43,surveillance,surveillance,Y
61,19,surveillance,surveillance,Y
61,20,surveillance,surveillance,Y
61,85,surveillance,surveillance,Y
61,24,surveillance,surveillance,Y
61,62,surveillance,surveillance,Y
62,1,surveillance,surveillance,Y
62,2,surveillance,surveillance,Y
62,99,surveillance,surveillance,Y
62,76,surveillance,surveillance,Y
62,12,surveillance,surveillance,Y
62,18,surveillance,surveillance,Y
62,52,surveillance,surveillance,Y
62,22,surveillance,surveillance,Y
62,28,surveillance,surveillance,Y
62,29,surveillance,surveillance,Y
63,64,surveillance,surveillance,Y
63,33,surveillance,surveillance,Y
63,98,surveillance,surveillance,Y
63,39,surveillance,surveillance,Y
63,41,surveillance,surveillance,Y
63,42,surveillance,surveillance,Y
63,80,surveillance,surveillance,Y
63,89,surveillance,surveillance,Y
63,60,surveillance,surveillance,Y
63,61,surveillance,surveillance,Y
64,72,surveillance,surveillance,Y
64,77,surveillance,surveillance,Y
64,48,surveillance,surveillance,Y
64,17,surveillance,surveillance,Y
64,51,surveillance,surveillance,Y
64,54,surveillance,surveillance,Y
64,23,surveillance,surveillance,Y
64,88,surveillance,surveillance,Y
64,30,surveillance,surveillance,Y
64,95,surveillance,surveillance,Y
65,65,surveillance,surveillance,Y
65,97,surveillance,surveillance,Y
65,67,surveillance,surveillance,Y
65,34,surveillance,surveillance,Y
65,9,surveillance,surveillance,Y
65,74,surveillance,surveillance,Y
65,14,surveillance,surveillance,Y
65,83,surveillance,surveillance,Y
65,57,surveillance,surveillance,Y
65,59,surveillance,surveillance,Y
66,35,surveillance,surveillance,Y
66,68,surveillance,surveillance,Y
66,38,surveillance,surveillance,Y
66,46,surveillance,surveillance,Y
66,79,surveillance,surveillance,Y
66,82,surveillance,surveillance,Y
66,84,surveillance,surveillance,Y
66,53,surveillance,surveillance,Y
66,56,surveillance,surveillance,Y
66,90,surveillance,surveillance,Y
67,4,surveillance,surveillance,Y
67,37,surveillance,surveillance,Y
67,69,surveillance,surveillance,Y
67,73,surveillance,surveillance,Y
67,15,surveillance,surveillance,Y
67,47,surveillance,surveillance,Y
67,50,surveillance,surveillance,Y
67,91,surveillance,surveillance,Y
67,93,surveillance,surveillance,Y
67,94,surveillance,surveillance,Y
68,0,surveillance,surveillance,Y
68,40,surveillance,surveillance,Y
68,10,surveillance,surveillance,Y
68,11,surveillance,surveillance,Y
68,78,surveillance,surveillance,Y
68,16,surveillance,surveillance,Y
68,81,surveillance,surveillance,Y
68,87,surveillance,surveillance,Y
68,25,surveillance,surveillance,Y
68,27,surveillance,surveillance,Y
69,96,surveillance,surveillance,Y
69,66,surveillance,surveillance,Y
69,5,surveillance,surveillance,Y
69,70,surveillance,surveillance,Y
69,13,surveillance,surveillance,Y
69,45,surveillance,surveillance,Y
69,21,surveillance,surveillance,Y
69,55,surveillance,surveillance,Y
69,63,surveillance,surveillance,Y
69,31,surveillance,surveillance,Y
70,3,surveillance,surveillance,Y
70,58,surveillance,surveillance,Y
70,36,surveillance,surveillance,Y
70,71,surveillance,surveillance,Y
70,8,surveillance,surveillance,Y
70,44,surveillance,surveillance,Y
70,49,surveillance,surveillance,Y
70,86,surveillance,surveillance,Y
70,26,surveillance,surveillance,Y
70,92,surveillance,surveillance,Y
71,1,surveillance,surveillance,Y
71,97,surveillance,surveillance,Y
71,36,surveillance,surveillance,Y
71,13,surveillance,surveillance,Y
71,79,surveillance,surveillance,Y
71,48,surveillance,surveillance,Y
71,83,surveillance,surveillance,Y
71,19,surveillance,surveillance,Y
71,86,surveillance,surveillance,Y
71,62,surveillance,surveillance,Y
72,98,surveillance,surveillance,Y
72,38,surveillance,surveillance,Y
72,76,surveillance,surveillance,Y
72,82,surveillance,surveillance,Y
72,50,surveillance,surveillance,Y
72,20,surveillance,surveillance,Y
72,85,surveillance,surveillance,Y
72,56,surveillance,surveillance,Y
72,58,surveillance,surveillance,Y
72,93,surveillance,surveillance,Y
73,35,surveillance,surveillance,Y
73,72,surveillance,surveillance,Y
73,11,surveillance,surveillance,Y
73,46,surveillance,surveillance,Y
73,15,surveillance,surveillance,Y
73,81,surveillance,surveillance,Y
73,52,surveillance,surveillance,Y
73,21,surveillance,surveillance,Y
73,55,surveillance,surveillance,Y
73,94,surveillance,surveillance,Y
74,64,surveillance,surveillance,Y
74,71,surveillance,surveillance,Y
74,9,surveillance,surveillance,Y
74,18,surveillance,surveillance,Y
74,51,surveillance,surveillance,Y
74,54,surveillance,surveillance,Y
74,87,surveillance,surveillance,Y
74,27,surveillance,surveillance,Y
74,60,surveillance,surveillance,Y
74,61,surveillance,surveillance,Y
75,32,surveillance,surveillance,Y
75,0,surveillance,surveillance,Y
75,33,surveillance,surveillance,Y
75,6,surveillance,surveillance,Y
75,70,surveillance,surveillance,Y
75,75,surveillance,surveillance,Y
75,78,surveillance,surveillance,Y
75,17,surveillance,surveillance,Y
75,28,surveillance,surveillance,Y
75,29,surveillance,surveillance,Y
76,67,surveillance,surveillance,Y
76,3,surveillance,surveillance,Y
76,37,surveillance,surveillance,Y
76,8,surveillance,surveillance,Y
76,10,surveillance,surveillance,Y
76,42,surveillance,surveillance,Y
76,14,surveillance,surveillance,Y
76,80,surveillance,surveillance,Y
76,25,surveillance,surveillance,Y
76,57,surveillance,surveillance,Y
77,96,surveillance,surveillance,Y
77,65,surveillance,surveillance,Y
77,39,surveillance,surveillance,Y
77,40,surveillance,surveillance,Y
77,45,surveillance,surveillance,Y
77,16,surveillance,surveillance,Y
77,22,surveillance,surveillance,Y
77,91,surveillance,surveillance,Y
77,30,surveillance,surveillance,Y
77,31,surveillance,surveillance,Y
78,2,surveillance,surveillance,Y
78,99,surveillance,surveillance,Y
78,68,surveillance,surveillance,Y
78,5,surveillance,surveillance,Y
78,69,surveillance,surveillance,Y
78,4,surveillance,surveillance,Y
78,73,surveillance,surveillance,Y
78,41,surveillance,surveillance,Y
78,88,surveillance,surveillance,Y
78,26,surveillance,surveillance,Y
79,66,surveillance,surveillance,Y
79,34,surveillance,surveillance,Y
79,43,surveillance,surveillance,Y
79,49,surveillance,surveillance,Y
79,84,surveillance,surveillance,Y
79,53,surveillance,surveillance,Y
79,89,surveillance,surveillance,Y
79,90,surveillance,surveillance,Y
79,59,surveillance,surveillance,Y
79,95,surveillance,surveillance,Y
80,7,surveillance,surveillance,Y
80,74,surveillance,surveillance,Y
80,12,surveillance,surveillance,Y
80,44,surveillance,surveillance,Y
80,77,surveillance,surveillance,Y
80,47,surveillance,surveillance,Y
80,23,surveillance,surveillance,Y
80,24,surveillance,surveillance,Y
80,92,surveillance,surveillance,Y
80,63,surveillance,surveillance,Y
81,0,surveillance,surveillance,Y
81,1,surveillance,surveillance,Y
81,75,surveillance,surveillance,Y
81,15,surveillance,surveillance,Y
81,48,surveillance,surveillance,Y
81,18,surveillance,surveillance,Y
81,19,surveillance,surveillance,Y
81,50,surveillance,surveillance,Y
81,52,surveillance,surveillance,Y
81,90,surveillance,surveillance,Y
82,96,surveillance,surveillance,Y
82,35,surveillance,surveillance,Y
82,8,surveillance,surveillance,Y
82,12,surveillance,surveillance,Y
82,17,surveillance,surveillance,Y
82,83,surveillance,surveillance,Y
82,54,surveillance,surveillance,Y
82,89,surveillance,surveillance,Y
82,58,surveillance,surveillance,Y
82,57,surveillance,surveillance,Y
83,32,surveillance,surveillance,Y
83,34,surveillance,surveillance,Y
83,39,surveillance,surveillance,Y
83,72,surveillance,surveillance,Y
83,73,surveillance,surveillance,Y
83,7,surveillance,surveillance,Y
83,78,surveillance,surveillance,Y
83,80,surveillance,surveillance,Y
83,49,surveillance,surveillance,Y
83,92,surveillance,surveillance,Y
84,99,surveillance,surveillance,Y
84,3,surveillance,surveillance,Y
84,71,surveillance,surveillance,Y
84,42,surveillance,surveillance,Y
84,10,surveillance,surveillance,Y
84,81,surveillance,surveillance,Y
84,51,surveillance,surveillance,Y
84,53,surveillance,surveillance,Y
84,91,surveillance,surveillance,Y
84,94,surveillance,surveillance,Y
85,64,surveillance,surveillance,Y
85,98,surveillance,surveillance,Y
85,66,surveillance,surveillance,Y
85,68,surveillance,surveillance,Y
85,41,surveillance,surveillance,Y
85,74,surveillance,surveillance,Y
85,77,surveillance,surveillance,Y
85,85,surveillance,surveillance,Y
85,27,surveillance,surveillance,Y
85,95,surveillance,surveillance,Y
86,33,surveillance,surveillance,Y
86,2,surveillance,surveillance,Y
86,40,surveillance,surveillance,Y
86,43,surveillance,surveillance,Y
86,76,surveillance,surveillance,Y
86,14,surveillance,surveillance,Y
86,82,surveillance,surveillance,Y
86,21,surveillance,surveillance,Y
86,23,surveillance,surveillance,Y
86,28,surveillance,surveillance,Y
87,56,surveillance,surveillance,Y
87,36,surveillance,surveillance,Y
87,5,surveillance,surveillance,Y
87,9,surveillance,surveillance,Y
87,44,surveillance,surveillance,Y
87,55,surveillance,surveillance,Y
87,87,surveillance,surveillance,Y
87,24,surveillance,surveillance,Y
87,25,surveillance,surveillance,Y
87,26,surveillance,surveillance,Y
88,97,surveillance,surveillance,Y
88,65,surveillance,surveillance,Y
88,6,surveillance,surveillance,Y
88,11,surveillance,surveillance,Y
88,61,surveillance,surveillance,Y
88,88,surveillance,surveillance,Y
88,59,surveillance,surveillance,Y
88,29,surveillance,surveillance,Y
88,62,surveillance,surveillance,Y
88,63,surveillance,surveillance,Y
89,4,surveillance,surveillance,Y
89,70,surveillance,surveillance,Y
89,38,surveillance,surveillance,Y
89,13,surveillance,surveillance,Y
89,46,surveillance,surveillance,Y
89,47,surveillance,surveillance,Y
89,16,surveillance,surveillance,Y
89,20,surveillance,surveillance,Y
89,30,surveillance,surveillance,Y
89,31,surveillance,surveillance,Y
90,67,surveillance,surveillance,Y
90,69,surveillance,surveillance,Y
90,37,surveillance,surveillance,Y
90,45,surveillance,surveillance,Y
90,79,surveillance,surveillance,Y
90,84,surveillance,surveillance,Y
90,22,surveillance,surveillance,Y
90,86,surveillance,surveillance,Y
90,60,surveillance,surveillance,Y
90,93,surveillance,surveillance,Y
91,98,surveillance,surveillance,Y
91,68,surveillance,surveillance,Y
91,38,surveillance,surveillance,Y
91,45,surveillance,surveillance,Y
91,14,surveillance,surveillance,Y
91,49,surveillance,surveillance,Y
91,50,surveillance,surveillance,Y
91,51,surveillance,surveillance,Y
91,55,surveillance,surveillance,Y
91,90,surveillance,surveillance,Y
92,32,surveillance,surveillance,Y
92,33,surveillance,surveillance,Y
92,1,surveillance,surveillance,Y
92,34,surveillance,surveillance,Y
92,37,surveillance,surveillance,Y
92,76,surveillance,surveillance,Y
92,46,surveillance,surveillance,Y
92,84,surveillance,surveillance,Y
92,23,surveillance,surveillance,Y
92,30,surveillance,surveillance,Y
93,74,surveillance,surveillance,Y
93,78,surveillance,surveillance,Y
93,47,surveillance,surveillance,Y
93,79,surveillance,surveillance,Y
93,82,surveillance,surveillance,Y
93,19,surveillance,surveillance,Y
93,21,surveillance,surveillance,Y
93,89,surveillance,surveillance,Y
93,26,surveillance,surveillance,Y
93,29,surveillance,surveillance,Y
94,99,surveillance,surveillance,Y
94,35,surveillance,surveillance,Y
94,69,surveillance,surveillance,Y
94,36,surveillance,surveillance,Y
94,11,surveillance,surveillance,Y
94,80,surveillance,surveillance,Y
94,52,surveillance,surveillance,Y
94,24,surveillance,surveillance,Y
94,94,surveillance,surveillance,Y
94,31,surveillance,surveillance,Y
95,42,surveillance,surveillance,Y
95,43,surveillance,surveillance,Y
95,44,surveillance,surveillance,Y
95,81,surveillance,surveillance,Y
95,18,surveillance,surveillance,Y
95,53,surveillance,surveillance,Y
95,56,surveillance,surveillance,Y
95,58,surveillance,surveillance,Y
95,62,surveillance,surveillance,Y
95,95,surveillance,surveillance,Y
96,64,surveillance,surveillance,Y
96,97,surveillance,surveillance,Y
96,6,surveillance,surveillance,Y
96,7,surveillance,surveillance,Y
96,39,surveillance,surveillance,Y
96,9,surveillance,surveillance,Y
96,12,surveillance,surveillance,Y
96,20,surveillance,surveillance,Y
96,88,surveillance,surveillance,Y
96,28,surveillance,surveillance,Y
97,96,surveillance,surveillance,Y
97,2,surveillance,surveillance,Y
97,67,surveillance,surveillance,Y
97,71,surveillance,surveillance,Y
97,27,surveillance,surveillance,Y
97,60,surveillance,surveillance,Y
97,16,surveillance,surveillance,Y
97,83,surveillance,surveillance,Y
97,59,surveillance,surveillance,Y
97,92,surveillance,surveillance,Y
98,0,surveillance,surveillance,Y
98,5,surveillance,surveillance,Y
98,70,surveillance,surveillance,Y
98,40,surveillance,surveillance,Y
98,73,surveillance,surveillance,Y
98,41,surveillance,surveillance,Y
98,10,surveillance,surveillance,Y
98,48,surveillance,surveillance,Y
98,22,surveillance,surveillance,Y
98,63,surveillance,surveillance,Y
99,65,surveillance,surveillance,Y
99,4,surveillance,surveillance,Y
99,72,surveillance,surveillance,Y
99,75,surveillance,surveillance,Y
99,77,surveillance,surveillance,Y
99,13,surveillance,surveillance,Y
99,17,surveillance,surveillance,Y
99,87,surveillance,surveillance,Y
99,57,surveillance,surveillance,Y
99,91,surveillance,surveillance,Y
100,66,surveillance,surveillance,Y
100,3,surveillance,surveillance,Y
100,8,surveillance,surveillance,Y
100,15,surveillance,surveillance,Y
100,93,surveillance,surveillance,Y
100,85,surveillance,surveillance,Y
100,54,surveillance,surveillance,Y
100,86,surveillance,surveillance,Y
100,25,surveillance,surveillance,Y
100,61,surveillance,surveillance,Y
