round,global_accuracy,global_loss,num_active_clients,num_suspected_clients,num_candidate_clients,num_reference_eligible,num_reference_probation,v11_cycle_cutoff,num_trapped,num_anchor_roster,num_active_anchors,anchor_rotation_cycle,num_aggregated,round_compute_seconds,round_time_seconds,process_cpu_seconds,process_rss_mb,system_memory_percent,cpu_percent,cuda_allocated_mb,cuda_reserved_mb,cuda_peak_allocated_mb
1,0.2376,2.260755443954468,100,0,0,0,0,,0,0,0,0,100,58.28777329999866,59.99112959999911,228.171875,1096.99609375,44.7,0.0,615.60595703125,1076.0,1020.5009765625
2,0.2658,2.099962762069702,100,0,0,0,0,,0,0,0,0,100,64.16775869999401,65.87717059999704,253.859375,1099.44140625,44.4,0.0,716.24072265625,1292.0,1120.986328125
3,0.3642,1.8614979351043701,100,0,0,0,0,,0,0,0,0,100,70.47240040000179,71.68157870000141,279.5,1101.390625,44.5,0.0,815.68701171875,1308.0,1221.322265625
4,0.4383,1.6482634218215941,100,0,0,0,0,,0,0,0,0,100,73.56218189999345,75.3060864999934,291.109375,1091.5703125,44.3,0.0,919.52490234375,1524.0,1324.2705078125
5,0.4844,1.5170937028884888,100,0,0,0,0,,0,0,0,0,100,76.62350549999974,78.42405370000051,302.1875,884.13671875,43.7,0.0,817.08642578125,1524.0,1221.841796875
6,0.5055,1.435337655067444,100,0,0,0,0,,0,0,0,0,100,78.24884320000274,80.15241470000183,310.390625,616.51171875,42.5,0.0,919.60107421875,1524.0,1325.236328125
7,0.5263,1.3784645668029785,100,0,0,0,0,,0,0,0,0,100,81.96899300000223,83.99504309999611,324.75,398.13671875,40.8,0.0,1017.08154296875,1538.0,1421.8271484375
8,0.5468,1.3109786903381349,100,0,0,0,0,,0,0,0,0,100,81.95963390000543,84.17405530000542,324.546875,257.11328125,40.4,0.0,818.43212890625,1538.0,1223.4765625
9,0.5545,1.2972872331619263,100,0,0,0,0,,0,0,0,0,100,79.94786059999751,81.88524089999555,315.8125,247.9453125,40.4,0.0,921.32177734375,1538.0,1326.0673828125
10,0.5838,1.2056805034637452,60,0,0,0,0,,0,0,0,0,60,85.16763870000432,87.1944261000026,335.765625,239.19140625,39.8,0.0,821.03857421875,1538.0,1267.068359375
11,0.5869,1.1820930345535279,60,0,0,0,0,,12,0,0,0,48,83.09857349999947,85.13204390000465,329.515625,243.859375,39.8,0.0,629.97705078125,1538.0,835.9384765625
12,0.5882,1.1650480419158935,60,0,0,0,0,,12,0,0,0,48,82.287227300003,84.31321929999831,324.375,242.30078125,39.8,0.0,730.28466796875,1538.0,927.0302734375
13,0.6104,1.0995493173599242,60,0,0,0,0,,12,0,0,0,48,84.8484466000009,87.00240789999953,335.578125,221.76171875,39.8,0.0,831.73583984375,1538.0,1029.37109375
14,0.6113,1.1189209890365601,60,0,0,0,0,,12,0,0,0,48,84.4194592000058,86.5204620000004,333.75,225.58984375,38.1,0.0,631.11572265625,1538.0,953.02685546875
15,0.6334,1.0432703525543212,60,0,0,0,0,,12,0,0,0,48,84.40739340000437,86.73941030000424,333.6875,222.77734375,38.2,0.0,630.15869140625,1538.0,827.0537109375
16,0.6283,1.0624817733764649,60,0,0,0,0,,12,0,0,0,48,85.2609655999986,87.45091400000092,337.84375,222.5390625,38.3,0.0,730.75048828125,1538.0,928.3857421875
17,0.6406,1.0239660455703736,60,0,0,0,0,,12,0,0,0,48,87.91579139999521,90.04692169999907,348.46875,223.203125,38.3,0.0,832.98095703125,1538.0,1030.466796875
18,0.6548,0.9894578491210938,60,0,0,0,0,,12,0,0,0,48,89.4470114999931,91.69478639999579,350.46875,225.6875,38.2,0.0,628.44677734375,1538.0,951.12255859375
19,0.6587,0.9755591203689575,60,0,0,0,0,,12,0,0,0,48,87.71201120000478,89.91660750000301,347.5625,339.10546875,39.0,0.0,530.12548828125,1538.0,727.2412109375
20,0.6626,0.9721656935691834,60,0,5,55,0,2.9351994688666982,12,0,0,0,43,85.60902760000317,87.63123500000074,338.359375,338.90625,39.0,0.0,630.98583984375,1538.0,807.7314453125
21,0.6739,0.933260645198822,60,0,5,55,0,2.9351994688666982,12,0,0,1,43,85.77039669999795,87.80703290000383,338.84375,225.234375,38.9,0.0,737.25048828125,1538.0,913.99609375
22,0.6729,0.9445308896064758,60,0,5,55,0,2.9351994688666982,12,0,0,1,43,86.00957510000444,88.13896350000141,339.734375,228.2421875,38.9,0.0,635.87548828125,1538.0,812.630859375
23,0.6779,0.9250959080696106,60,0,5,55,0,2.9351994688666982,11,0,0,1,49,87.74082809999527,89.889016299996,346.359375,224.5859375,39.0,0.0,735.24072265625,1538.0,936.8759765625
24,0.6795,0.9168117499351501,60,0,5,55,0,2.9351994688666982,12,0,0,1,43,86.72789549999288,88.80821349999314,344.90625,224.32421875,39.1,0.0,834.87548828125,1538.0,1012.361328125
25,0.6854,0.9050628594398499,60,0,5,55,0,2.9351994688666982,12,0,0,1,43,86.44620360000408,88.53845010000077,341.953125,224.3515625,39.0,0.0,935.73583984375,1538.0,1113.37109375
26,0.69,0.8859073780059814,60,0,5,55,0,2.9351994688666982,13,0,0,1,42,87.1103729000024,89.31730110000353,343.4375,226.05859375,38.9,0.0,735.76025390625,1538.0,909.025390625
27,0.6893,0.8913674724578857,60,0,5,55,0,2.9351994688666982,12,0,0,1,43,86.0509510999982,88.28106290000142,339.46875,225.73046875,39.0,0.0,834.62060546875,1538.0,1011.3662109375
28,0.6939,0.8906101037025451,60,0,5,55,0,2.9351994688666982,13,0,0,1,42,87.76554469999974,89.90304820000165,346.53125,224.4140625,39.0,0.0,934.76513671875,1538.0,1108.62109375
29,0.6907,0.8893971662521363,60,0,5,55,0,2.9351994688666982,12,0,0,1,43,88.22614220000105,90.55307360000006,348.78125,229.26953125,39.0,0.0,1036.86572265625,1540.0,1213.611328125
30,0.6978,0.8787940718650817,60,0,22,38,0,2.9351994688666982,11,0,0,1,32,88.25622939999448,90.46505389999948,349.125,231.4140625,39.0,0.0,835.51025390625,1542.0,968.99609375
31,0.7037,0.8673454574584961,60,0,22,38,0,2.9351994688666982,6,0,0,2,32,86.82446139999956,89.00916080000025,343.8125,233.796875,39.2,0.0,938.10107421875,1542.0,1070.99609375
32,0.7041,0.8688143481254578,60,0,22,38,0,2.9351994688666982,6,0,0,2,32,87.17623230000027,89.23178619999817,343.828125,234.48828125,39.2,0.0,1038.74072265625,1542.0,1171.486328125
33,0.7081,0.8625628031730652,60,0,22,38,0,2.9351994688666982,5,0,0,2,38,90.38142789999984,92.52340810000169,357.1875,231.35546875,39.1,0.0,1138.86083984375,1554.0,1295.6064453125
34,0.7125,0.8600777879714966,60,0,22,38,0,2.9351994688666982,6,0,0,2,32,85.9883525999976,87.76380790000258,339.78125,231.87890625,39.1,0.0,939.14013671875,1558.0,1072.6259765625
35,0.7144,0.852904045677185,60,0,22,38,0,2.9351994688666982,6,0,0,2,38,91.54823089999991,93.58416100000613,362.296875,232.16796875,39.1,0.0,1040.00048828125,1558.0,1196.74609375
36,0.7133,0.8564736675262451,60,0,22,38,0,2.9351994688666982,5,0,0,2,38,90.15982229999645,92.22457069999655,357.078125,230.55078125,39.2,0.0,1140.12060546875,1558.0,1297.6064453125
37,0.7155,0.8484856253623962,60,0,22,38,0,2.9351994688666982,7,0,0,2,31,88.23606010000367,90.29033260000142,348.6875,232.2265625,39.2,0.0,1240.98095703125,1568.0,1369.7265625
38,0.7154,0.8526482558250428,60,0,22,38,0,2.9351994688666982,7,0,0,2,31,87.79745130000083,89.55752080000093,346.625,236.05859375,39.0,0.0,1041.38525390625,1574.0,1170.5009765625
39,0.7198,0.8432092457771301,60,0,22,38,0,2.9351994688666982,6,0,0,2,38,91.97081340000295,94.16375410000182,360.484375,236.8203125,38.7,0.0,1141.83154296875,1574.0,1299.6162109375
40,0.7202,0.8451568991661071,60,0,26,32,2,8.501798417950884,6,0,0,2,27,88.21713189999718,90.16717579999386,350.515625,232.84765625,38.6,0.0,1240.46142578125,1574.0,1354.466796875
41,0.7194,0.8439377353668213,60,0,26,32,2,8.501798417950884,7,0,0,3,34,88.03216059999977,90.12547389999963,348.046875,234.0703125,38.6,0.0,1345.47607421875,1586.0,1486.2216796875
42,0.7255,0.836759181022644,60,0,26,32,2,8.501798417950884,7,0,0,3,34,87.24771029999829,88.88424039999518,344.90625,235.61328125,38.7,0.0,1141.56201171875,1590.0,1282.6064453125
43,0.7128,0.8729611223220826,60,0,26,32,2,8.501798417950884,6,0,0,3,28,85.4868662000008,87.1979696999988,338.453125,234.17578125,38.5,0.0,1241.57666015625,1590.0,1358.322265625
44,0.7219,0.8579493317604064,60,0,26,32,2,8.501798417950884,5,0,0,3,29,86.63425469999493,88.86156710000068,344.21875,235.26953125,38.8,0.0,1344.21630859375,1590.0,1465.7021484375
45,0.7277,0.8432267722129821,60,0,26,32,2,8.501798417950884,6,0,0,3,34,86.9089718000032,88.98755670000537,343.484375,234.859375,38.8,0.0,1445.06689453125,1668.0,1585.4423828125
46,0.7241,0.8472234855651856,60,0,26,32,2,8.501798417950884,6,0,0,3,28,86.6039008000007,88.15656640000088,341.25,236.12890625,38.8,0.0,1240.81689453125,1674.0,1358.3271484375
47,0.7261,0.8523820046424866,60,0,26,32,2,8.501798417950884,5,0,0,3,29,86.46384439999383,88.67641939999885,342.734375,230.94140625,38.8,0.0,1342.06689453125,1674.0,1462.8125
48,0.7268,0.8462478939056397,60,0,26,32,2,8.501798417950884,6,0,0,3,28,87.35363340000185,90.18599600000016,345.140625,233.73828125,38.7,0.0,1442.77783203125,1674.0,1559.302734375
49,0.7322,0.8444177368164062,60,0,26,32,2,8.501798417950884,6,0,0,3,34,86.03744730000471,88.12944170000264,340.4375,239.12890625,38.7,0.0,1543.93701171875,1752.0,1684.6826171875
50,0.7293,0.8489518503189087,60,0,18,30,12,6.562595219539695,6,0,0,3,25,88.9510924999995,90.84869530000287,352.171875,236.96875,38.8,0.0,1340.18701171875,1758.0,1445.4521484375
51,0.7301,0.8315540141105652,60,0,18,30,12,6.562595219539695,0,0,0,4,42,89.50601829999505,91.63074689999485,353.328125,240.08984375,38.9,0.0,1441.20166015625,1842.0,1614.3173828125
52,0.732,0.8402655938148499,60,0,18,30,12,6.562595219539695,0,0,0,4,42,89.3162771999996,90.58140899999853,353.09375,237.53125,38.8,0.0,1543.45166015625,1842.0,1716.197265625
53,0.7305,0.8262745007514953,60,0,18,30,12,6.562595219539695,0,0,0,4,42,86.03918969999359,87.27869199999986,339.921875,233.02734375,38.7,0.0,1643.32177734375,1938.0,1816.0673828125
54,0.733,0.8306790863990784,60,0,18,30,12,6.562595219539695,0,0,0,4,42,86.66204780000407,94.02467869999964,342.078125,238.13671875,38.7,0.0,1440.77783203125,1942.0,1614.783203125
55,0.7266,0.8457149332046509,60,0,18,30,12,6.562595219539695,0,0,0,4,42,86.56861429999844,88.66311349999887,341.9375,238.671875,38.8,0.0,1542.56201171875,1942.0,1716.0478515625
56,0.7345,0.8200201592445373,60,0,18,30,12,6.562595219539695,0,0,0,4,42,83.84286260000226,86.01909650000016,331.75,237.19140625,38.8,0.0,1644.79736328125,1942.0,1817.54296875
57,0.7376,0.836546316242218,60,0,18,30,12,6.562595219539695,0,0,0,4,42,92.99674989999767,95.17852629999834,366.359375,237.4609375,38.8,0.0,1745.84521484375,2038.0,1918.220703125
58,0.7389,0.8256182425498962,60,0,18,30,12,6.562595219539695,0,0,0,4,42,91.18120099999942,93.24465580000106,361.40625,239.32421875,38.7,0.0,1541.23486328125,2040.0,1716.3505859375
59,0.734,0.8315235482215881,60,0,18,30,12,6.562595219539695,0,0,0,4,42,91.00480280000193,93.08013480000227,358.921875,242.77734375,38.7,0.0,1644.47021484375,2040.0,1817.9560546875
60,0.7392,0.8239737992286682,60,0,18,30,12,6.562595219539695,0,0,0,4,42,92.0165460000062,94.18538770000305,361.578125,238.53125,38.8,0.0,1745.33056640625,2040.0,1918.076171875
61,0.7366,0.8119520791053771,60,0,18,30,12,6.562595219539695,0,0,0,4,42,89.48155499999848,91.77757500000007,355.0,239.65625,38.9,0.0,1846.03271484375,2138.0,2018.7783203125
62,0.7402,0.8168918061256408,60,0,18,30,12,6.562595219539695,0,0,0,4,42,87.98814259999926,90.10025019999739,346.984375,355.23828125,38.8,0.0,522.98095703125,2140.0,695.7265625
63,0.7392,0.8385287397384643,60,0,18,30,12,6.562595219539695,0,0,0,4,42,87.28178979999939,88.71586079999543,345.15625,352.16015625,38.9,0.0,623.96142578125,2140.0,797.0869140625
64,0.7409,0.8307299606323242,60,0,18,30,12,6.562595219539695,0,0,0,4,42,83.30077970000275,85.30440200000157,328.921875,237.61328125,38.6,0.0,725.65380859375,2140.0,898.3994140625
65,0.7417,0.8306248026847839,60,0,18,30,12,6.562595219539695,0,0,0,4,42,79.1581559000042,81.2564990000028,314.109375,241.3515625,38.5,0.0,825.77392578125,2140.0,998.51953125
66,0.739,0.8393037075042724,60,0,18,30,12,6.562595219539695,0,0,0,4,42,79.70030240000051,81.70019680000405,316.15625,241.10546875,38.4,0.0,624.35107421875,2140.0,797.1162109375
67,0.7415,0.8395112946510315,60,0,18,30,12,6.562595219539695,0,0,0,4,42,75.10626909999701,77.23469959999784,298.6875,237.91015625,38.5,0.0,722.58642578125,2140.0,895.7021484375
68,0.7438,0.8344919761657715,60,0,18,30,12,6.562595219539695,0,0,0,4,42,78.89397949999693,80.7765916999997,313.5625,242.4609375,38.2,0.0,824.57177734375,2140.0,997.3173828125
69,0.746,0.8349156069755554,60,0,18,30,12,6.562595219539695,0,0,0,4,42,79.05888640000194,80.71984299999895,313.96875,239.9453125,38.3,0.0,924.02392578125,2140.0,1097.1396484375
70,0.7427,0.8381217498779296,60,0,18,30,12,6.562595219539695,0,0,0,4,42,78.07803489999787,79.51933250000002,310.890625,243.4921875,38.4,0.0,723.94677734375,2140.0,896.6923828125
71,0.7438,0.8385945081710815,60,0,18,30,12,6.562595219539695,6,0,0,4,36,78.13624490000075,80.10216639999999,310.28125,241.37890625,38.5,0.0,826.70166015625,2140.0,975.8173828125
72,0.7436,0.8521929762840271,60,0,18,30,12,6.562595219539695,6,0,0,4,36,76.12634529999923,77.86274850000336,302.78125,238.66015625,38.4,0.0,925.66748046875,2140.0,1075.302734375
73,0.7397,0.855519499874115,60,0,18,30,12,6.562595219539695,6,0,0,4,36,77.84481460000097,79.4850174000021,309.0625,238.19921875,38.5,0.0,1027.80712890625,2140.0,1176.552734375
74,0.7454,0.8410826827049256,60,0,18,30,12,6.562595219539695,6,0,0,4,42,75.3507441000038,77.64975029999914,299.96875,239.24609375,38.4,0.0,825.67724609375,2140.0,998.9423828125
75,0.7383,0.8579658746719361,60,0,18,30,12,6.562595219539695,6,0,0,4,36,76.62673070000164,78.49020340000425,304.65625,241.9609375,38.4,0.0,928.87060546875,2140.0,1077.24609375
76,0.7432,0.8440314560890197,60,0,18,30,12,6.562595219539695,6,0,0,4,36,72.52876399999514,74.27711989999807,289.109375,239.71875,38.5,0.0,1026.46142578125,2140.0,1174.8369140625
77,0.746,0.8385865928649903,60,0,18,30,12,6.562595219539695,6,0,0,4,42,77.79076409999834,79.7909268000003,308.96875,241.74609375,38.3,0.0,1127.52392578125,2140.0,1300.26953125
78,0.7444,0.8504246918678283,60,0,18,30,12,6.562595219539695,6,0,0,4,42,73.01852100000542,75.1880736000021,290.703125,239.9921875,38.5,0.0,925.19677734375,2140.0,1098.83203125
79,0.7451,0.8614912474632264,60,0,18,30,12,6.562595219539695,6,0,0,4,36,78.95607769999333,81.30197849999968,313.375,242.3515625,38.5,0.0,1027.08642578125,2140.0,1175.4619140625
80,0.7435,0.8428614699363709,60,0,15,38,7,6.591440300037302,6,0,0,4,34,75.49147960000118,77.4559905999995,299.828125,239.36328125,38.3,0.0,1126.55224609375,2140.0,1267.8173828125
81,0.7475,0.8381148826599121,60,0,15,38,7,6.591440300037302,0,0,0,5,45,78.83327839999401,80.90218519999326,312.78125,240.109375,38.4,0.0,1226.66748046875,2140.0,1411.5625
82,0.7462,0.8283714604377747,60,0,15,38,7,6.591440300037302,0,0,0,5,45,73.59468750000087,75.64765410000109,293.015625,240.29296875,38.3,0.0,1024.45166015625,2140.0,1210.8271484375
83,0.7456,0.8439815034866333,60,0,15,38,7,6.591440300037302,0,0,0,5,45,82.97914859999582,85.05963119999797,327.171875,240.75390625,38.5,0.0,1129.06689453125,2140.0,1313.8125
84,0.748,0.8461953309059143,60,0,15,38,7,6.591440300037302,0,0,0,5,45,79.33092770000076,81.4531696999984,315.8125,242.75390625,38.6,0.0,1224.91259765625,2140.0,1410.177734375
85,0.7464,0.8373191799163818,60,0,15,38,7,6.591440300037302,0,0,0,5,45,75.47878930000297,77.59523180000542,299.78125,240.3046875,38.4,0.0,1325.03271484375,2140.0,1510.8173828125
86,0.7453,0.8411898231506347,60,0,15,38,7,6.591440300037302,0,0,0,5,45,78.1882659000039,80.37431630000356,311.234375,244.359375,38.6,0.0,1127.58642578125,2140.0,1313.9619140625
87,0.7473,0.8366626342773438,60,0,15,38,7,6.591440300037302,0,0,0,5,45,76.96121080000012,79.10154440000042,305.875,241.1171875,38.4,0.0,1227.81201171875,2140.0,1413.447265625
88,0.7494,0.8481407187461854,60,0,15,38,7,6.591440300037302,0,0,0,5,45,78.79726080000546,80.86362160000135,312.8125,244.08203125,38.5,0.0,1328.45166015625,2140.0,1513.5673828125
89,0.7506,0.8505740792274475,60,0,15,38,7,6.591440300037302,0,0,0,5,45,75.2672623000035,77.31258290000551,298.921875,241.12109375,38.6,0.0,1429.45166015625,2140.0,1615.08203125
90,0.7509,0.8496150526046753,60,0,15,38,7,6.591440300037302,0,0,0,5,45,77.54051230000186,79.68320369999856,309.109375,244.5859375,38.8,0.0,1228.07666015625,2140.0,1415.1923828125
91,0.7471,0.8452536119461059,60,0,15,38,7,6.591440300037302,0,0,0,5,45,75.95923899999616,77.33267689999775,301.375,241.72265625,38.5,0.0,1327.77783203125,2140.0,1513.1875
92,0.7491,0.8572490595817566,60,0,15,38,7,6.591440300037302,0,0,0,5,45,79.1514817999996,81.13373629999842,314.359375,244.5703125,39.0,0.0,1428.32177734375,2140.0,1613.0673828125
93,0.7495,0.8576815867424011,60,0,15,38,7,6.591440300037302,0,0,0,5,45,76.50116130000242,78.5174582000036,303.4375,245.20703125,38.6,0.0,1527.93701171875,2140.0,1712.6826171875
94,0.7507,0.8553957714080811,60,0,15,38,7,6.591440300037302,0,0,0,5,45,78.8455479999975,80.64511510000011,313.65625,245.453125,38.7,0.0,1327.55712890625,2140.0,1515.5625
95,0.7512,0.8517018365859985,60,0,15,38,7,6.591440300037302,0,0,0,5,45,77.28790390000358,78.78758670000389,306.6875,242.546875,38.6,0.0,1429.67236328125,2140.0,1614.9375
96,0.7497,0.8684967955589294,60,0,15,38,7,6.591440300037302,0,0,0,5,45,76.84359440000117,78.88825099999667,305.234375,242.7265625,38.5,0.0,1530.31201171875,2140.0,1715.947265625
97,0.7504,0.8701953950881958,60,0,15,38,7,6.591440300037302,0,0,0,5,45,75.43556440000248,77.40755889999855,300.328125,243.3203125,38.6,0.0,1632.19189453125,2140.0,1816.9375
98,0.7489,0.8707547626495361,60,0,15,38,7,6.591440300037302,0,0,0,5,45,72.70645710000099,74.23690260000149,288.8125,244.37109375,38.6,0.0,1428.17236328125,2140.0,1614.54296875
99,0.7496,0.8734256100654602,60,0,15,38,7,6.591440300037302,0,0,0,5,45,73.53777160000027,75.62002209999628,292.875,244.4140625,38.8,0.0,1529.20654296875,2140.0,1714.6923828125
100,0.7502,0.8771486385345459,60,0,15,38,7,6.591440300037302,0,0,0,5,45,76.61551289999625,78.698384299998,304.046875,247.40234375,38.5,0.0,1631.04736328125,2140.0,1815.8125
