round,global_accuracy,global_loss,num_active_clients,num_suspected_clients,num_candidate_clients,num_trapped,num_anchor_roster,num_active_anchors,anchor_rotation_cycle,num_aggregated,round_compute_seconds,round_time_seconds,process_cpu_seconds,process_rss_mb,system_memory_percent,cpu_percent,cuda_allocated_mb,cuda_reserved_mb,cuda_peak_allocated_mb
1,0.8509,1.2171495513916015,100,0,0,0,0,0,0,100,45.08991329999844,45.86822720000055,264.046875,605.00390625,77.2,0.0,,,
2,0.9134,0.6736662612915039,100,0,0,0,0,0,0,100,45.45343159999902,46.32936389999668,269.484375,682.2421875,78.2,0.0,,,
3,0.9277,0.33200691907405855,100,0,0,0,0,0,0,100,48.427856299997075,50.15005889999884,285.125,691.49609375,79.4,0.0,,,
4,0.9371,0.2432385465025902,100,0,0,0,0,0,0,100,38.51840089999314,39.254972499998985,230.53125,699.93359375,77.7,0.0,,,
5,0.944,0.19007849997878074,100,0,0,0,0,0,0,100,36.34538359999715,37.103649399999995,218.390625,690.66796875,77.6,0.0,,,
6,0.9505,0.16334346183240414,100,0,0,0,0,0,0,100,36.43134419999842,37.18081930000335,218.71875,741.98046875,78.0,0.0,,,
7,0.9543,0.14608944482207298,100,0,0,0,0,0,0,100,36.387800500000594,37.17683670000406,218.8125,545.30078125,76.4,0.0,,,
8,0.9579,0.13380747324824332,100,0,0,0,0,0,0,100,36.42852069999935,37.15509849999944,218.125,550.16015625,76.3,0.0,,,
9,0.9606,0.12487611033841968,100,0,0,0,0,0,0,100,36.10898199999792,36.856313299998874,217.265625,525.58984375,76.0,0.0,,,
10,0.963,0.11813711800798773,100,0,0,0,0,0,0,100,37.828772000000754,38.52870900000562,226.796875,562.59375,73.8,0.0,,,
11,0.9643,0.11045411077365279,100,0,0,20,0,0,0,80,37.34165760000178,38.36788460000389,223.734375,532.11328125,75.3,0.0,,,
12,0.9656,0.10661954416446388,100,0,0,20,0,0,0,80,36.72670020000078,38.02481039999839,220.453125,568.54296875,75.9,0.0,,,
13,0.9667,0.10083276573009789,100,0,0,20,0,0,0,80,36.79272339999443,38.89865819999977,220.359375,588.55078125,77.8,0.0,,,
14,0.9677,0.09848588178418577,100,0,0,20,0,0,0,80,37.49991360000422,40.055481000003056,223.875,586.37890625,78.2,0.0,,,
15,0.9694,0.09365761424452067,100,0,0,20,0,0,0,80,37.28197880000516,40.589682099998754,222.21875,551.29296875,77.6,0.0,,,
16,0.9693,0.09371497923694551,100,0,0,20,0,0,0,80,37.08009019999736,40.41105979999702,221.71875,525.71875,77.0,0.0,,,
17,0.9709,0.09019347555674613,100,0,0,20,0,0,0,80,37.15009990000544,40.59294030000456,221.984375,557.578125,77.8,0.0,,,
18,0.9708,0.08803678142018616,100,0,0,20,0,0,0,80,38.13009230000171,42.069556100002956,227.234375,566.48828125,80.6,0.0,,,
19,0.9711,0.08790384199712425,100,0,0,20,0,0,0,80,38.43142450000596,42.023471600004996,228.96875,567.125,78.6,0.0,,,
20,0.972,0.0852803821365349,100,6,29,20,0,0,0,74,38.50176059999649,39.24387439999555,229.21875,537.6875,78.7,0.0,,,
21,0.9728,0.08352792357327417,100,6,29,20,0,0,1,75,38.262874799998826,39.34339909999835,228.015625,507.4453125,78.5,0.0,,,
22,0.9739,0.0808990372297354,100,6,29,20,0,0,1,76,37.70371540000633,38.93842580000637,224.46875,542.08203125,79.2,0.0,,,
23,0.9744,0.07830707376515493,100,6,29,20,0,0,1,77,37.412650800004485,39.13149859999976,224.203125,576.19140625,79.1,0.0,,,
24,0.975,0.07610561056425795,100,6,29,20,0,0,1,74,37.51638919999823,39.21663759999501,223.90625,526.65625,78.4,0.0,,,
25,0.9757,0.07426490493998862,100,6,29,20,0,0,1,74,37.87083050000365,41.069311799998104,225.328125,551.484375,78.0,0.0,,,
26,0.9764,0.0729050769736059,100,6,29,20,0,0,1,74,38.14015349999681,41.33568309999828,228.1875,556.05078125,78.6,0.0,,,
27,0.9769,0.07134618210070766,100,6,29,20,0,0,1,76,37.91475730000093,41.428602400003,226.640625,580.5234375,78.9,0.0,,,
28,0.9774,0.06922693871650845,100,6,29,20,0,0,1,75,38.19268730000476,41.95516130000033,228.109375,583.46484375,79.3,0.0,,,
29,0.9777,0.0677949362586718,100,6,29,20,0,0,1,76,38.460103600002185,42.205397599995194,228.203125,603.2109375,80.5,0.0,,,
30,0.9776,0.06776204920792953,100,0,28,20,0,0,1,75,38.8840801999977,39.62474569999904,231.703125,506.53515625,79.2,0.0,,,
31,0.9776,0.06685815436099656,100,0,28,20,0,0,2,80,38.310884200000146,39.32584240000142,227.3125,524.25,79.6,0.0,,,
32,0.9785,0.06535263556391001,100,0,28,20,0,0,2,80,38.29236420000234,39.47035400000459,228.203125,560.28125,78.6,0.0,,,
33,0.9788,0.06399222120395862,100,0,28,20,0,0,2,80,38.76101919999928,40.112690800000564,227.09375,688.84375,79.3,0.0,,,
34,0.9789,0.06287680609240197,100,0,28,20,0,0,2,80,37.58057920000283,39.34635189999972,224.53125,691.58984375,78.8,0.0,,,
35,0.9792,0.062018729413347316,100,0,28,20,0,0,2,80,38.23390300000028,42.342454999998154,228.359375,674.09375,79.7,0.0,,,
36,0.9795,0.061728454361157495,100,0,28,20,0,0,2,80,37.98917100000108,41.78502589999698,226.59375,689.703125,80.0,0.0,,,
37,0.9798,0.06026145952083171,100,0,28,20,0,0,2,80,37.67017169999599,41.05336510000052,224.625,693.73046875,80.6,0.0,,,
38,0.9798,0.059896084882039576,100,0,28,20,0,0,2,80,37.70294130000548,41.02287140000408,224.984375,673.6875,80.8,0.0,,,
39,0.98,0.05939518817421049,100,0,28,20,0,0,2,80,38.0688225000049,42.52437680000003,226.921875,598.37890625,80.8,0.0,,,
40,0.9803,0.058409867603168825,92,5,17,20,0,0,2,68,39.63673800000106,40.406187400003546,236.15625,523.73828125,79.0,0.0,,,
41,0.9803,0.05831931610400788,92,5,17,18,0,0,3,69,37.66524670000217,38.764820000003965,224.796875,537.97265625,79.1,0.0,,,
42,0.9806,0.05624760829759762,92,5,17,18,0,0,3,70,37.64253820000158,39.756797399997595,224.671875,539.23828125,79.2,0.0,,,
43,0.9811,0.055187443517684,92,5,17,19,0,0,3,68,37.804114099999424,40.056906300000264,225.59375,555.6328125,78.4,0.0,,,
44,0.9811,0.05472904997165315,92,5,17,18,0,0,3,70,37.34303009999712,40.07985080000071,223.140625,557.2890625,77.1,0.0,,,
45,0.9816,0.0534002673210809,92,5,17,19,0,0,3,72,36.814435300002515,39.39722620000248,220.5625,525.9921875,77.6,0.0,,,
46,0.9813,0.05346630984665826,92,5,17,18,0,0,3,69,35.67096339999989,39.01042700000107,214.796875,540.65625,77.7,0.0,,,
47,0.9811,0.05251034444537945,92,5,17,18,0,0,3,69,36.17065770000045,39.668915500005824,217.296875,537.90234375,78.7,0.0,,,
48,0.9815,0.05220120835211128,92,5,17,18,0,0,3,72,36.080257800000254,39.85322090000409,216.84375,533.328125,78.8,0.0,,,
49,0.9821,0.051133874193555674,92,5,17,18,0,0,3,69,35.887700100000075,39.6629249999969,215.65625,532.87109375,78.9,0.0,,,
50,0.9817,0.05046121559573803,82,1,19,20,0,0,3,59,37.0213447999995,37.77653419999842,221.875,479.3671875,78.2,0.0,,,
51,0.9814,0.05020397621789016,82,1,19,16,0,0,4,65,36.27757399999973,37.37615120000555,217.875,506.24609375,78.6,0.0,,,
52,0.982,0.04985131860405673,82,1,19,17,0,0,4,65,37.099202800003695,38.29748880000261,222.484375,505.0078125,81.2,0.0,,,
53,0.9819,0.048916902797971853,82,1,19,16,0,0,4,65,36.13558999999805,37.48552049999853,217.1875,514.49609375,77.4,0.0,,,
54,0.9821,0.048439176486106586,82,1,19,16,0,0,4,65,36.321845999998914,37.986806900000374,218.53125,526.3671875,75.6,0.0,,,
55,0.9829,0.04757846970799146,82,1,19,16,0,0,4,65,36.707843199998024,38.630455799997435,220.5,500.12109375,76.0,0.0,,,
56,0.9829,0.047125900579662997,82,1,19,17,0,0,4,64,35.98828289999801,37.84563360000175,216.453125,485.171875,76.7,0.0,,,
57,0.9829,0.04622271482525393,82,1,19,16,0,0,4,65,35.9851342999973,38.269590099997004,216.40625,491.828125,77.4,0.0,,,
58,0.9834,0.04635696881943149,82,1,19,16,0,0,4,65,36.25471590000234,38.41124829999899,217.65625,519.140625,78.0,0.0,,,
59,0.9834,0.04576895935180364,82,1,19,17,0,0,4,64,36.23666039999807,38.64606040000217,217.4375,519.0078125,78.0,0.0,,,
60,0.9833,0.04542440877715126,73,3,5,17,0,0,4,55,36.23703319999913,37.083413599997584,217.421875,470.18359375,77.6,0.0,,,
61,0.9831,0.04547277065857779,73,3,5,15,0,0,5,55,35.77884720000293,36.69488380000257,214.4375,460.5546875,77.8,0.0,,,
62,0.9838,0.044856091029942036,73,3,5,14,0,0,5,57,35.95989120000013,37.20184889999655,216.34375,479.8828125,78.7,0.0,,,
63,0.9844,0.0436111999538145,73,3,5,15,0,0,5,56,35.86347300000489,37.08722560000024,214.9375,482.765625,77.6,0.0,,,
64,0.9843,0.04343214610910509,73,3,5,14,0,0,5,56,35.78742020000209,37.213628999998036,214.84375,495.3671875,77.5,0.0,,,
65,0.9852,0.04264073811575072,73,3,5,14,0,0,5,58,35.708338500000536,37.297566500004905,214.515625,495.97265625,77.0,0.0,,,
66,0.9853,0.04208112533584936,73,3,5,15,0,0,5,56,35.66144259999419,37.46585979999509,214.6875,501.046875,77.2,0.0,,,
67,0.9852,0.0418981161577045,73,3,5,15,0,0,5,55,35.759411799997906,37.743350400000054,214.9375,486.26953125,76.8,0.0,,,
68,0.9855,0.041360180196433796,73,3,5,14,0,0,5,56,35.80694800000492,37.88655490000383,215.5625,478.2578125,77.7,0.0,,,
69,0.9856,0.040769264961488076,73,3,5,15,0,0,5,56,35.81108189999941,38.040599799998745,215.28125,471.17578125,77.9,0.0,,,
70,0.9855,0.041008239899738695,64,0,3,15,0,0,5,49,36.02019709999877,36.887679699997534,216.421875,436.93359375,77.2,0.0,,,
71,0.9857,0.03991281177843921,64,0,3,13,0,0,6,51,35.580861800001,36.487213400003384,213.671875,435.73828125,77.3,0.0,,,
72,0.9864,0.039234988816152325,64,0,3,14,0,0,6,50,35.57330759999604,36.60205850000057,213.421875,440.890625,77.5,0.0,,,
73,0.986,0.03897076993053779,64,0,3,13,0,0,6,51,35.677504999999655,36.91879390000395,213.953125,445.7109375,77.1,0.0,,,
74,0.9861,0.03836512901468668,64,0,3,13,0,0,6,51,35.74332819999836,37.079801599997154,215.015625,454.89453125,77.6,0.0,,,
75,0.9862,0.038468299256125466,64,0,3,12,0,0,6,52,35.897043299999496,37.52296489999571,214.890625,450.22265625,76.5,0.0,,,
76,0.9862,0.03859420769942226,64,0,3,12,0,0,6,52,35.63247340000089,37.318570200004615,214.34375,449.30078125,76.9,0.0,,,
77,0.9863,0.0385162878361647,64,0,3,14,0,0,6,50,36.387115699995775,38.293821999999636,217.828125,436.45703125,77.8,0.0,,,
78,0.9866,0.03825894656790187,64,0,3,12,0,0,6,52,35.96057579999615,37.82012389999727,214.984375,466.765625,74.7,0.0,,,
79,0.9867,0.037030125245987436,64,0,3,13,0,0,6,51,36.22409850000258,38.26190889999998,217.75,459.59375,76.1,0.0,,,
80,0.9873,0.03701631557815708,62,0,2,12,0,0,6,50,35.954181599998265,36.85132840000006,215.546875,413.51953125,76.4,0.0,,,
81,0.9871,0.0369796173849667,62,0,2,12,0,0,7,50,35.622068199998466,36.488101599999936,213.96875,434.80078125,76.4,0.0,,,
82,0.9872,0.0367512973572826,62,0,2,13,0,0,7,49,35.59347629999684,36.72630950000166,213.921875,445.80078125,76.9,0.0,,,
83,0.9872,0.03621980288181221,62,0,2,13,0,0,7,49,35.52375989999564,36.64387610000267,212.953125,449.7421875,76.6,0.0,,,
84,0.9873,0.036170298322965394,62,0,2,12,0,0,7,50,35.45321459999832,36.987886800001434,213.28125,463.93359375,76.8,0.0,,,
85,0.9871,0.036197020529821745,62,0,2,13,0,0,7,49,35.96392229999765,37.509939899995516,215.984375,477.28125,77.0,0.0,,,
86,0.9872,0.03589380093087675,62,0,2,12,0,0,7,50,36.34683220000443,39.11840910000319,217.625,444.2890625,77.0,0.0,,,
87,0.9874,0.036240344197920056,62,0,2,12,0,0,7,50,36.000323899999785,39.00103520000266,216.34375,458.56640625,77.6,0.0,,,
88,0.9877,0.03606561579336412,62,0,2,12,0,0,7,50,36.20015659999626,39.33769960000063,217.46875,424.9453125,77.5,0.0,,,
89,0.9879,0.035763564554636834,62,0,2,13,0,0,7,49,35.93253669999831,38.95135029999801,216.140625,464.5859375,77.9,0.0,,,
90,0.9875,0.03591483754155925,62,0,3,12,0,0,7,50,36.17668589999812,36.977365899998404,216.71875,422.890625,77.2,0.0,,,
91,0.9879,0.035606920254352734,62,0,3,12,0,0,8,50,36.00132289999601,37.00075769999967,216.171875,407.9921875,77.3,0.0,,,
92,0.9877,0.035816266411775724,62,0,3,12,0,0,8,50,35.78925680000248,36.942815399997926,214.28125,412.1015625,77.2,0.0,,,
93,0.9874,0.034933400966716,62,0,3,13,0,0,8,49,35.62677049999911,36.75255549999565,213.8125,442.68359375,77.0,0.0,,,
94,0.9877,0.03513721613222733,62,0,3,12,0,0,8,50,35.611102799994114,37.09497759999795,214.203125,462.375,77.5,0.0,,,
95,0.9879,0.03492191857417929,62,0,3,13,0,0,8,49,35.81503050000174,37.38955520000309,214.984375,436.28515625,76.5,0.0,,,
96,0.9878,0.035424778667720966,62,0,3,12,0,0,8,50,35.50372409999545,37.22239029999764,212.96875,447.86328125,76.8,0.0,,,
97,0.9879,0.03589392359529738,62,0,3,13,0,0,8,49,35.73526750000019,37.6832648999989,214.703125,454.5078125,77.6,0.0,,,
98,0.9877,0.03540050314634573,62,0,3,13,0,0,8,49,35.693041300000914,37.7096429000012,214.9375,454.56640625,77.2,0.0,,,
99,0.9881,0.03493975668330677,62,0,3,12,0,0,8,50,35.683181599997624,37.94710149999446,214.46875,430.7734375,77.5,0.0,,,
100,0.988,0.03483662712062942,61,0,1,12,0,0,8,49,35.8793003000028,36.67824520000431,215.390625,409.43359375,77.0,0.0,,,
