round,evaluated_clients,true_positives,false_positives,true_negatives,false_negatives,detection_accuracy,precision,recall,f1,false_positive_rate,false_negative_rate,specificity,joint_true_positives,joint_false_positives,new_removals,new_rehabilitations,num_suspected,num_candidates
1,40,40,0,0,0,1.0,1.0,1.0,1.0,0.0,0.0,0.0,40,0,0,0,0,0
2,40,40,0,0,0,1.0,1.0,1.0,1.0,0.0,0.0,0.0,40,0,0,0,0,0
3,40,40,0,0,0,1.0,1.0,1.0,1.0,0.0,0.0,0.0,40,0,0,0,0,0
4,40,40,0,0,0,1.0,1.0,1.0,1.0,0.0,0.0,0.0,40,0,0,0,0,0
5,40,40,0,0,0,1.0,1.0,1.0,1.0,0.0,0.0,0.0,40,0,0,0,0,0
6,40,40,0,0,0,1.0,1.0,1.0,1.0,0.0,0.0,0.0,40,0,0,0,0,0
7,40,40,0,0,0,1.0,1.0,1.0,1.0,0.0,0.0,0.0,40,0,0,0,0,0
8,40,40,0,0,0,1.0,1.0,1.0,1.0,0.0,0.0,0.0,40,0,0,0,0,0
9,40,40,0,0,0,1.0,1.0,1.0,1.0,0.0,0.0,0.0,40,0,0,0,0,0
10,40,40,0,0,0,1.0,1.0,1.0,1.0,0.0,0.0,0.0,40,0,40,0,0,0
11,0,0,0,0,0,0.0,0.0,0.0,0.0,0.0,0.0,0.0,0,0,0,0,0,0
12,0,0,0,0,0,0.0,0.0,0.0,0.0,0.0,0.0,0.0,0,0,0,0,0,0
13,0,0,0,0,0,0.0,0.0,0.0,0.0,0.0,0.0,0.0,0,0,0,0,0,0
14,0,0,0,0,0,0.0,0.0,0.0,0.0,0.0,0.0,0.0,0,0,0,0,0,0
15,0,0,0,0,0,0.0,0.0,0.0,0.0,0.0,0.0,0.0,0,0,0,0,0,0
16,0,0,0,0,0,0.0,0.0,0.0,0.0,0.0,0.0,0.0,0,0,0,0,0,0
17,0,0,0,0,0,0.0,0.0,0.0,0.0,0.0,0.0,0.0,0,0,0,0,0,0
18,0,0,0,0,0,0.0,0.0,0.0,0.0,0.0,0.0,0.0,0,0,0,0,0,0
19,0,0,0,0,0,0.0,0.0,0.0,0.0,0.0,0.0,0.0,0,0,0,0,0,0
20,60,0,2,58,0,0.9666666666666667,0.0,0.0,0.0,0.03333333333333333,0.0,0.9666666666666667,0,0,0,0,0,2
21,0,0,0,0,0,0.0,0.0,0.0,0.0,0.0,0.0,0.0,0,0,0,0,0,2
22,0,0,0,0,0,0.0,0.0,0.0,0.0,0.0,0.0,0.0,0,0,0,0,0,2
23,0,0,0,0,0,0.0,0.0,0.0,0.0,0.0,0.0,0.0,0,0,0,0,0,2
24,0,0,0,0,0,0.0,0.0,0.0,0.0,0.0,0.0,0.0,0,0,0,0,0,2
25,0,0,0,0,0,0.0,0.0,0.0,0.0,0.0,0.0,0.0,0,0,0,0,0,2
26,0,0,0,0,0,0.0,0.0,0.0,0.0,0.0,0.0,0.0,0,0,0,0,0,2
27,0,0,0,0,0,0.0,0.0,0.0,0.0,0.0,0.0,0.0,0,0,0,0,0,2
28,0,0,0,0,0,0.0,0.0,0.0,0.0,0.0,0.0,0.0,0,0,0,0,0,2
29,0,0,0,0,0,0.0,0.0,0.0,0.0,0.0,0.0,0.0,0,0,0,0,0,2
30,60,0,27,33,0,0.55,0.0,0.0,0.0,0.45,0.0,0.55,0,0,0,0,0,29
31,0,0,0,0,0,0.0,0.0,0.0,0.0,0.0,0.0,0.0,0,0,0,0,0,29
32,0,0,0,0,0,0.0,0.0,0.0,0.0,0.0,0.0,0.0,0,0,0,0,0,29
33,0,0,0,0,0,0.0,0.0,0.0,0.0,0.0,0.0,0.0,0,0,0,0,0,29
34,0,0,0,0,0,0.0,0.0,0.0,0.0,0.0,0.0,0.0,0,0,0,0,0,29
35,0,0,0,0,0,0.0,0.0,0.0,0.0,0.0,0.0,0.0,0,0,0,0,0,29
36,0,0,0,0,0,0.0,0.0,0.0,0.0,0.0,0.0,0.0,0,0,0,0,0,29
37,0,0,0,0,0,0.0,0.0,0.0,0.0,0.0,0.0,0.0,0,0,0,0,0,29
38,0,0,0,0,0,0.0,0.0,0.0,0.0,0.0,0.0,0.0,0,0,0,0,0,29
39,0,0,0,0,0,0.0,0.0,0.0,0.0,0.0,0.0,0.0,0,0,0,0,0,29
40,60,0,15,45,0,0.75,0.0,0.0,0.0,0.25,0.0,0.75,0,0,0,1,0,33
41,0,0,0,0,0,0.0,0.0,0.0,0.0,0.0,0.0,0.0,0,0,0,0,0,33
42,0,0,0,0,0,0.0,0.0,0.0,0.0,0.0,0.0,0.0,0,0,0,0,0,33
43,0,0,0,0,0,0.0,0.0,0.0,0.0,0.0,0.0,0.0,0,0,0,0,0,33
44,0,0,0,0,0,0.0,0.0,0.0,0.0,0.0,0.0,0.0,0,0,0,0,0,33
45,0,0,0,0,0,0.0,0.0,0.0,0.0,0.0,0.0,0.0,0,0,0,0,0,33
46,0,0,0,0,0,0.0,0.0,0.0,0.0,0.0,0.0,0.0,0,0,0,0,0,33
47,0,0,0,0,0,0.0,0.0,0.0,0.0,0.0,0.0,0.0,0,0,0,0,0,33
48,0,0,0,0,0,0.0,0.0,0.0,0.0,0.0,0.0,0.0,0,0,0,0,0,33
49,0,0,0,0,0,0.0,0.0,0.0,0.0,0.0,0.0,0.0,0,0,0,0,0,33
50,60,0,0,60,0,1.0,0.0,0.0,0.0,0.0,0.0,1.0,0,0,0,18,0,15
51,0,0,0,0,0,0.0,0.0,0.0,0.0,0.0,0.0,0.0,0,0,0,0,0,15
52,0,0,0,0,0,0.0,0.0,0.0,0.0,0.0,0.0,0.0,0,0,0,0,0,15
53,0,0,0,0,0,0.0,0.0,0.0,0.0,0.0,0.0,0.0,0,0,0,0,0,15
54,0,0,0,0,0,0.0,0.0,0.0,0.0,0.0,0.0,0.0,0,0,0,0,0,15
55,0,0,0,0,0,0.0,0.0,0.0,0.0,0.0,0.0,0.0,0,0,0,0,0,15
56,0,0,0,0,0,0.0,0.0,0.0,0.0,0.0,0.0,0.0,0,0,0,0,0,15
57,0,0,0,0,0,0.0,0.0,0.0,0.0,0.0,0.0,0.0,0,0,0,0,0,15
58,0,0,0,0,0,0.0,0.0,0.0,0.0,0.0,0.0,0.0,0,0,0,0,0,15
59,0,0,0,0,0,0.0,0.0,0.0,0.0,0.0,0.0,0.0,0,0,0,0,0,15
60,0,0,0,0,0,0.0,0.0,0.0,0.0,0.0,0.0,0.0,0,0,0,0,0,15
61,0,0,0,0,0,0.0,0.0,0.0,0.0,0.0,0.0,0.0,0,0,0,0,0,15
62,0,0,0,0,0,0.0,0.0,0.0,0.0,0.0,0.0,0.0,0,0,0,0,0,15
63,0,0,0,0,0,0.0,0.0,0.0,0.0,0.0,0.0,0.0,0,0,0,0,0,15
64,0,0,0,0,0,0.0,0.0,0.0,0.0,0.0,0.0,0.0,0,0,0,0,0,15
65,0,0,0,0,0,0.0,0.0,0.0,0.0,0.0,0.0,0.0,0,0,0,0,0,15
66,0,0,0,0,0,0.0,0.0,0.0,0.0,0.0,0.0,0.0,0,0,0,0,0,15
67,0,0,0,0,0,0.0,0.0,0.0,0.0,0.0,0.0,0.0,0,0,0,0,0,15
68,0,0,0,0,0,0.0,0.0,0.0,0.0,0.0,0.0,0.0,0,0,0,0,0,15
69,0,0,0,0,0,0.0,0.0,0.0,0.0,0.0,0.0,0.0,0,0,0,0,0,15
70,0,0,0,0,0,0.0,0.0,0.0,0.0,0.0,0.0,0.0,0,0,0,0,0,15
71,0,0,0,0,0,0.0,0.0,0.0,0.0,0.0,0.0,0.0,0,0,0,0,0,15
72,0,0,0,0,0,0.0,0.0,0.0,0.0,0.0,0.0,0.0,0,0,0,0,0,15
73,0,0,0,0,0,0.0,0.0,0.0,0.0,0.0,0.0,0.0,0,0,0,0,0,15
74,0,0,0,0,0,0.0,0.0,0.0,0.0,0.0,0.0,0.0,0,0,0,0,0,15
75,0,0,0,0,0,0.0,0.0,0.0,0.0,0.0,0.0,0.0,0,0,0,0,0,15
76,0,0,0,0,0,0.0,0.0,0.0,0.0,0.0,0.0,0.0,0,0,0,0,0,15
77,0,0,0,0,0,0.0,0.0,0.0,0.0,0.0,0.0,0.0,0,0,0,0,0,15
78,0,0,0,0,0,0.0,0.0,0.0,0.0,0.0,0.0,0.0,0,0,0,0,0,15
79,0,0,0,0,0,0.0,0.0,0.0,0.0,0.0,0.0,0.0,0,0,0,0,0,15
80,60,0,18,42,0,0.7,0.0,0.0,0.0,0.3,0.0,0.7,0,0,0,0,0,18
81,0,0,0,0,0,0.0,0.0,0.0,0.0,0.0,0.0,0.0,0,0,0,0,0,18
82,0,0,0,0,0,0.0,0.0,0.0,0.0,0.0,0.0,0.0,0,0,0,0,0,18
83,0,0,0,0,0,0.0,0.0,0.0,0.0,0.0,0.0,0.0,0,0,0,0,0,18
84,0,0,0,0,0,0.0,0.0,0.0,0.0,0.0,0.0,0.0,0,0,0,0,0,18
85,0,0,0,0,0,0.0,0.0,0.0,0.0,0.0,0.0,0.0,0,0,0,0,0,18
86,0,0,0,0,0,0.0,0.0,0.0,0.0,0.0,0.0,0.0,0,0,0,0,0,18
87,0,0,0,0,0,0.0,0.0,0.0,0.0,0.0,0.0,0.0,0,0,0,0,0,18
88,0,0,0,0,0,0.0,0.0,0.0,0.0,0.0,0.0,0.0,0,0,0,0,0,18
89,0,0,0,0,0,0.0,0.0,0.0,0.0,0.0,0.0,0.0,0,0,0,0,0,18
90,0,0,0,0,0,0.0,0.0,0.0,0.0,0.0,0.0,0.0,0,0,0,0,0,18
91,0,0,0,0,0,0.0,0.0,0.0,0.0,0.0,0.0,0.0,0,0,0,0,0,18
92,0,0,0,0,0,0.0,0.0,0.0,0.0,0.0,0.0,0.0,0,0,0,0,0,18
93,0,0,0,0,0,0.0,0.0,0.0,0.0,0.0,0.0,0.0,0,0,0,0,0,18
94,0,0,0,0,0,0.0,0.0,0.0,0.0,0.0,0.0,0.0,0,0,0,0,0,18
95,0,0,0,0,0,0.0,0.0,0.0,0.0,0.0,0.0,0.0,0,0,0,0,0,18
96,0,0,0,0,0,0.0,0.0,0.0,0.0,0.0,0.0,0.0,0,0,0,0,0,18
97,0,0,0,0,0,0.0,0.0,0.0,0.0,0.0,0.0,0.0,0,0,0,0,0,18
98,0,0,0,0,0,0.0,0.0,0.0,0.0,0.0,0.0,0.0,0,0,0,0,0,18
99,0,0,0,0,0,0.0,0.0,0.0,0.0,0.0,0.0,0.0,0,0,0,0,0,18
100,0,0,0,0,0,0.0,0.0,0.0,0.0,0.0,0.0,0.0,0,0,0,0,0,18
