round,client_id,is_free_rider,final_penalty,removal_basis,zero_update_count,suspicion_probes
31,3,1,35,joint_gradient_evidence_after_minimum_probes,0,10
31,4,1,29,joint_gradient_evidence_after_minimum_probes,0,10
31,13,1,32,joint_gradient_evidence_after_minimum_probes,0,10
31,14,1,35,joint_gradient_evidence_after_minimum_probes,0,10
31,25,1,35,joint_gradient_evidence_after_minimum_probes,0,10
31,27,1,32,joint_gradient_evidence_after_minimum_probes,0,10
31,28,1,29,joint_gradient_evidence_after_minimum_probes,0,10
31,29,1,35,joint_gradient_evidence_after_minimum_probes,0,10
31,35,1,29,joint_gradient_evidence_after_minimum_probes,0,10
31,53,1,35,joint_gradient_evidence_after_minimum_probes,0,10
31,54,1,32,joint_gradient_evidence_after_minimum_probes,0,10
31,64,1,32,joint_gradient_evidence_after_minimum_probes,0,10
31,69,1,32,joint_gradient_evidence_after_minimum_probes,0,10
31,71,1,32,joint_gradient_evidence_after_minimum_probes,0,10
31,75,1,32,joint_gradient_evidence_after_minimum_probes,0,10
31,81,1,26,joint_gradient_evidence_after_minimum_probes,0,10
31,84,1,35,joint_gradient_evidence_after_minimum_probes,0,10
31,86,1,32,joint_gradient_evidence_after_minimum_probes,0,10
31,88,1,29,joint_gradient_evidence_after_minimum_probes,0,10
31,89,1,35,joint_gradient_evidence_after_minimum_probes,0,10
31,93,1,35,joint_gradient_evidence_after_minimum_probes,0,10
31,94,1,29,joint_gradient_evidence_after_minimum_probes,0,10
31,95,1,32,joint_gradient_evidence_after_minimum_probes,0,10
31,97,1,29,joint_gradient_evidence_after_minimum_probes,0,10
32,0,1,30,joint_gradient_evidence_after_minimum_probes,0,10
32,11,1,33,joint_gradient_evidence_after_minimum_probes,0,10
32,17,1,33,joint_gradient_evidence_after_minimum_probes,0,10
32,31,1,27,joint_gradient_evidence_after_minimum_probes,0,10
32,57,1,30,joint_gradient_evidence_after_minimum_probes,0,10
32,77,1,30,joint_gradient_evidence_after_minimum_probes,0,10
51,74,0,15,joint_gradient_evidence_after_minimum_probes,0,16
73,65,0,21,joint_gradient_evidence_after_minimum_probes,0,10
