client_id,is_free_rider,first_flag_round,times_flagged,times_trapped,first_removal_round,final_penalty,final_zero_penalty,final_magnitude_episode_penalty,reference_eligible_at_end,reference_probation_cycles,cycle_clean_cycles,cycle_strong_cycles,cycle_trusted_strong_cycles,suspected_at_end,candidate_at_end,lifetime_trap_flags,zero_update_count,active_at_end
0,1,1,5,4,30,-4.0,1,0,0,,0,2,1,0,0,4,1,0
1,0,50,3,11,,0.0,0,0,0,,0,0,0,0,1,3,0,1
2,0,70,2,11,,0.0,0,0,0,,0,0,0,0,1,2,0,1
3,1,1,5,4,30,-4.0,1,0,0,,0,2,1,0,0,4,1,0
4,1,1,5,4,30,-4.0,1,0,0,,0,2,1,0,0,4,1,0
5,1,1,5,4,30,-4.0,1,0,0,,0,2,1,0,0,4,1,0
6,1,1,5,4,30,-4.0,1,0,0,,0,2,1,0,0,4,1,0
7,0,100,1,11,,0.0,0,0,0,,0,0,0,0,1,1,0,1
8,0,40,3,11,,0.0,0,0,0,,0,0,0,0,1,3,0,1
9,0,30,5,11,,0.0,0,0,0,,0,0,0,0,1,5,0,1
10,0,70,2,11,,0.0,0,0,0,,0,0,0,0,1,2,0,1
11,1,1,5,4,30,-4.0,1,0,0,,0,2,1,0,0,4,1,0
12,0,,0,11,,0.0,0,0,1,,0,0,0,0,0,0,0,1
13,1,1,5,4,30,-4.0,1,0,0,,0,2,1,0,0,4,1,0
14,1,1,5,4,30,-4.0,1,0,0,,0,2,1,0,0,4,1,0
15,0,40,1,11,,0.0,0,0,1,,0,0,0,0,0,1,0,1
16,0,30,1,11,,0.0,0,0,1,,0,0,0,0,0,1,0,1
17,1,1,5,4,30,-4.0,1,0,0,,0,2,1,0,0,4,1,0
18,0,50,1,11,,0.0,0,0,1,,0,0,0,0,0,1,0,1
19,1,1,5,4,30,-4.0,1,0,0,,0,2,1,0,0,4,1,0
20,1,1,5,4,30,-4.0,1,0,0,,0,2,1,0,0,4,1,0
21,0,30,3,11,,0.0,0,0,0,,0,0,0,0,1,3,0,1
22,0,50,1,11,,0.0,0,0,1,,0,0,0,0,0,1,0,1
23,0,70,2,11,,0.0,0,0,0,,0,0,0,0,1,2,0,1
24,1,1,5,4,30,-4.0,1,0,0,,0,2,1,0,0,4,1,0
25,1,1,5,4,30,-4.0,1,0,0,,0,2,1,0,0,4,1,0
26,0,,0,11,,0.0,0,0,1,,0,0,0,0,0,0,0,1
27,1,1,5,4,30,-4.0,1,0,0,,0,2,1,0,0,4,1,0
28,1,1,5,4,30,-4.0,1,0,0,,0,2,1,0,0,4,1,0
29,1,1,5,4,30,-4.0,1,0,0,,0,2,1,0,0,4,1,0
30,0,50,1,11,,0.0,0,0,1,,0,0,0,0,0,1,0,1
31,1,1,5,4,30,-4.0,1,0,0,,0,2,1,0,0,4,1,0
32,0,,0,11,,0.0,0,0,1,,0,0,0,0,0,0,0,1
33,0,,0,11,,0.0,0,0,1,,0,0,0,0,0,0,0,1
34,0,40,3,11,,0.0,0,0,0,,0,0,0,0,1,3,0,1
35,1,1,5,4,30,-4.0,1,0,0,,0,2,1,0,0,4,1,0
36,0,40,3,11,,0.0,0,0,0,,0,0,0,0,1,3,0,1
37,0,100,1,11,,0.0,0,0,0,,0,0,0,0,1,1,0,1
38,0,50,3,11,,0.0,0,0,0,,0,0,0,0,1,3,0,1
39,0,40,1,11,,0.0,0,0,1,,0,0,0,0,0,1,0,1
40,0,,0,11,,0.0,0,0,1,,0,0,0,0,0,0,0,1
41,0,40,1,11,,0.0,0,0,1,,0,0,0,0,0,1,0,1
42,0,,0,11,,0.0,0,0,1,,0,0,0,0,0,0,0,1
43,1,1,5,4,30,-4.0,1,0,0,,0,2,1,0,0,4,1,0
44,0,,0,11,,0.0,0,0,1,,0,0,0,0,0,0,0,1
45,0,50,1,11,,0.0,0,0,1,,0,0,0,0,0,1,0,1
46,0,50,3,11,,0.0,0,0,0,,0,0,0,0,1,3,0,1
47,0,70,2,11,,0.0,0,0,0,,0,0,0,0,1,2,0,1
48,0,50,5,11,,0.0,0,0,0,,0,0,0,0,1,5,0,1
49,0,50,3,11,,0.0,0,0,0,,0,0,0,0,1,3,0,1
50,0,,0,11,,0.0,0,0,1,,0,0,0,0,0,0,0,1
51,0,30,3,11,,0.0,0,0,1,,0,0,0,0,0,3,0,1
52,0,70,2,11,,0.0,0,0,0,,0,0,0,0,1,2,0,1
53,1,1,5,4,30,-4.0,1,0,0,,0,2,1,0,0,4,1,0
54,1,1,5,4,30,-4.0,1,0,0,,0,2,1,0,0,4,1,0
55,0,,0,11,,0.0,0,0,1,,0,0,0,0,0,0,0,1
56,0,,0,11,,0.0,0,0,1,,0,0,0,0,0,0,0,1
57,1,1,5,4,30,-4.0,1,0,0,,0,2,1,0,0,4,1,0
58,0,70,2,11,,0.0,0,0,0,,0,0,0,0,1,2,0,1
59,0,30,1,11,,0.0,0,0,1,,0,0,0,0,0,1,0,1
60,0,50,1,11,,0.0,0,0,1,,0,0,0,0,0,1,0,1
61,0,100,1,11,,0.0,0,0,0,,0,0,0,0,1,1,0,1
62,0,60,3,11,,0.0,0,0,0,,0,0,0,0,1,3,0,1
63,0,40,1,11,,0.0,0,0,1,,0,0,0,0,0,1,0,1
64,1,1,5,4,30,-4.0,1,0,0,,0,2,1,0,0,4,1,0
65,0,70,2,11,,0.0,0,0,0,,0,0,0,0,1,2,0,1
66,0,40,3,11,,0.0,0,0,0,,0,0,0,0,1,3,0,1
67,1,1,5,4,30,-4.0,1,0,0,,0,2,1,0,0,4,1,0
68,0,30,3,11,,0.0,0,0,1,,0,0,0,0,0,3,0,1
69,1,1,5,4,30,-4.0,1,0,0,,0,2,1,0,0,4,1,0
70,0,40,1,11,,0.0,0,0,1,,0,0,0,0,0,1,0,1
71,1,1,5,4,30,-4.0,1,0,0,,0,2,1,0,0,4,1,0
72,0,,0,11,,0.0,0,0,1,,0,0,0,0,0,0,0,1
73,0,50,3,11,,0.0,0,0,0,,0,0,0,0,1,3,0,1
74,0,50,1,11,,0.0,0,0,1,,0,0,0,0,0,1,0,1
75,1,1,5,4,30,-4.0,1,0,0,,0,2,1,0,0,4,1,0
76,0,70,2,11,,0.0,0,0,0,,0,0,0,0,1,2,0,1
77,1,1,5,4,30,-4.0,1,0,0,,0,2,1,0,0,4,1,0
78,0,40,1,11,,0.0,0,0,1,,0,0,0,0,0,1,0,1
79,1,1,5,4,30,-4.0,1,0,0,,0,2,1,0,0,4,1,0
80,0,30,1,11,,0.0,0,0,1,,0,0,0,0,0,1,0,1
81,1,1,5,4,30,-4.0,1,0,0,,0,2,1,0,0,4,1,0
82,1,1,5,4,30,-4.0,1,0,0,,0,2,1,0,0,4,1,0
83,0,,0,11,,0.0,0,0,1,,0,0,0,0,0,0,0,1
84,1,1,5,4,30,-4.0,1,0,0,,0,2,1,0,0,4,1,0
85,0,100,1,11,,0.0,0,0,0,,0,0,0,0,1,1,0,1
86,1,1,5,4,30,-4.0,1,0,0,,0,2,1,0,0,4,1,0
87,0,,0,11,,0.0,0,0,1,,0,0,0,0,0,0,0,1
88,1,1,5,4,30,-4.0,1,0,0,,0,2,1,0,0,4,1,0
89,1,1,5,4,30,-4.0,1,0,0,,0,2,1,0,0,4,1,0
90,1,1,5,4,30,-4.0,1,0,0,,0,2,1,0,0,4,1,0
91,0,,0,11,,0.0,0,0,1,,0,0,0,0,0,0,0,1
92,0,,0,11,,0.0,0,0,1,,0,0,0,0,0,0,0,1
93,1,1,5,4,30,-4.0,1,0,0,,0,2,1,0,0,4,1,0
94,1,1,5,4,30,-4.0,1,0,0,,0,2,1,0,0,4,1,0
95,1,1,5,4,30,-4.0,1,0,0,,0,2,1,0,0,4,1,0
96,0,,0,11,,0.0,0,0,1,,0,0,0,0,0,0,0,1
97,1,1,5,4,30,-4.0,1,0,0,,0,2,1,0,0,4,1,0
98,0,70,2,11,,0.0,0,0,0,,0,0,0,0,1,2,0,1
99,0,50,2,11,,0.0,0,0,1,,0,0,0,0,0,2,0,1
