round,client_id,is_free_rider,cleared_magnitude_penalty,remaining_penalty,probes,flags,dodge_index
60,16,0,0,0.0,1,0,0.0
60,36,0,0,0.0,1,0,0.0
60,41,0,0,0.0,1,0,0.0
60,66,0,0,0.0,1,0,0.0
60,85,0,0,0.0,1,0,0.0
70,1,0,0,0.0,1,0,0.0
70,2,0,0,0.0,1,0,0.0
70,10,0,0,0.0,1,0,0.0
70,12,0,0,0.0,1,0,0.0
70,15,0,0,0.0,1,0,0.0
70,22,0,0,0.0,1,0,0.0
70,30,0,0,0.0,1,0,0.0
70,32,0,0,0.0,1,0,0.0
70,34,0,0,0.0,1,0,0.0
70,37,0,0,0.0,1,0,0.0
70,38,0,0,0.0,1,0,0.0
70,39,0,0,0.0,1,0,0.0
70,45,0,0,0.0,1,0,0.0
70,47,0,0,0.0,1,0,0.0
70,50,0,0,0.0,1,0,0.0
70,61,0,0,0.0,1,0,0.0
70,63,0,0,0.0,1,0,0.0
70,68,0,0,0.0,1,0,0.0
70,70,0,0,0.0,1,0,0.0
70,72,0,0,0.0,1,0,0.0
70,76,0,0,0.0,1,0,0.0
70,78,0,0,0.0,1,0,0.0
70,80,0,0,0.0,1,0,0.0
70,83,0,0,0.0,1,0,0.0
70,91,0,0,0.0,1,0,0.0
70,92,0,0,0.0,1,0,0.0
70,98,0,0,0.0,1,0,0.0
70,99,0,0,0.0,1,0,0.0
100,49,0,0,0.0,1,0,0.0
