round,global_accuracy,global_loss,num_active_clients,num_suspected_clients,num_candidate_clients,num_reference_eligible,num_reference_probation,num_trapped,num_anchor_roster,num_active_anchors,anchor_rotation_cycle,num_aggregated,round_compute_seconds,round_time_seconds,process_cpu_seconds,process_rss_mb,system_memory_percent,cpu_percent,cuda_allocated_mb,cuda_reserved_mb,cuda_peak_allocated_mb
1,0.851,1.217186877632141,100,0,0,0,0,0,0,0,0,100,43.57713600000716,43.92732529999921,257.421875,269.4765625,95.5,0.0,,,
2,0.9072,0.38333354229927064,100,0,0,0,0,0,0,0,0,100,42.13264700000582,42.288994700007606,250.0625,287.84375,94.9,0.0,,,
3,0.9302,0.24075391627550125,100,0,0,0,0,0,0,0,0,100,43.63326669999515,43.838248200001544,257.71875,323.4296875,94.0,0.0,,,
4,0.9417,0.1895336582303047,100,0,0,0,0,0,0,0,0,100,41.50217579999298,41.644988999993075,246.890625,355.58203125,93.4,0.0,,,
5,0.9501,0.1617723677188158,100,0,0,0,0,0,0,0,0,100,40.20407720000367,40.3887023999996,240.046875,359.46875,91.4,0.0,,,
6,0.9552,0.14312690926492214,100,0,0,0,0,0,0,0,0,100,42.68026760000794,42.83109630001127,254.015625,358.90234375,91.4,0.0,,,
7,0.9597,0.12854788477644324,100,0,0,0,0,0,0,0,0,100,42.26585189999605,42.43124649999663,250.109375,357.82421875,90.7,0.0,,,
8,0.9623,0.11741727748066187,100,0,0,0,0,0,0,0,0,100,42.24602779999259,42.39764860000287,250.796875,335.92578125,91.9,0.0,,,
9,0.965,0.10871961007006467,100,0,0,0,0,0,0,0,0,100,40.597867999997106,40.747518699994544,241.8125,357.390625,92.7,0.0,,,
10,0.9671,0.10185281835459173,100,0,0,0,0,0,0,0,0,100,41.52317819999007,41.66244459999143,247.3125,363.20703125,93.4,0.0,,,
11,0.9691,0.09596373544093222,100,0,0,0,0,20,0,0,0,80,42.4722322000016,42.931903300006525,252.71875,361.3828125,87.5,0.0,,,
12,0.971,0.09171517098937183,100,0,0,0,0,20,0,0,0,80,40.63049520000641,41.43232110000099,242.796875,393.04296875,92.4,0.0,,,
13,0.9725,0.08683369758566842,100,0,0,0,0,20,0,0,0,80,40.19265819998691,41.129814099986106,239.53125,382.9609375,88.7,0.0,,,
14,0.973,0.08307072854191065,100,0,0,0,0,20,0,0,0,80,41.27339460000803,45.0196394000086,246.53125,419.38671875,90.1,0.0,,,
15,0.9744,0.07878401167411357,100,0,0,0,0,20,0,0,0,80,43.132200699998066,45.389365399998496,254.875,399.609375,92.8,0.0,,,
16,0.9747,0.07694637448345311,100,0,0,0,0,20,0,0,0,80,42.061000299989246,44.56347249999817,249.609375,440.375,93.6,0.0,,,
17,0.9757,0.0739690438569989,100,0,0,0,0,20,0,0,0,80,46.26338720000058,49.386743199997,261.1875,430.38671875,91.7,0.0,,,
18,0.9762,0.07082021723478102,100,0,0,0,0,20,0,0,0,80,42.812307600004715,45.86446550000983,254.84375,455.375,92.3,0.0,,,
19,0.9766,0.0690706551501993,100,0,0,0,0,20,0,0,0,80,40.705749999993714,43.771326999994926,243.515625,468.78125,93.0,0.0,,,
20,0.9779,0.06549204767476767,100,40,0,60,0,20,0,0,0,50,39.96788270000252,40.15330639999593,238.21875,347.04296875,91.0,0.0,,,
21,0.9795,0.06306104241088033,100,40,0,60,0,20,0,0,1,50,39.243714099997305,39.75632020000194,234.1875,367.84375,92.1,0.0,,,
22,0.9794,0.062355443385476245,100,40,0,60,0,20,0,0,1,40,39.27291420000256,39.995023700001184,234.890625,371.43359375,92.0,0.0,,,
23,0.9803,0.058517299430444834,100,40,0,60,0,20,0,0,1,60,40.62055619999592,41.52621280000312,242.1875,404.109375,91.2,0.0,,,
24,0.9813,0.055981158793158826,100,40,0,60,0,20,0,0,1,40,41.36315779999131,42.52658039999369,246.6875,407.51953125,88.3,0.0,,,
25,0.9811,0.05441452523127664,100,40,0,60,0,20,0,0,1,50,40.351533900000504,41.860433000008925,240.984375,425.73828125,86.8,0.0,,,
26,0.9818,0.05268032492320053,100,40,0,60,0,20,0,0,1,60,44.27290399999765,47.20026109999162,259.8125,453.0234375,94.5,0.0,,,
27,0.9817,0.051056052635610104,100,40,0,60,0,20,0,0,1,50,40.94856570000411,43.31449029999203,243.671875,448.0703125,94.1,0.0,,,
28,0.9821,0.04901105322323274,100,40,0,60,0,20,0,0,1,40,47.35895520000486,53.26382950000698,262.140625,220.19140625,97.2,0.0,,,
29,0.9826,0.04858169823358767,100,40,0,60,0,20,0,0,1,50,52.33005879999837,56.19637170000351,284.875,197.8359375,93.3,0.0,,,
30,0.9831,0.04773238410346676,60,0,7,53,0,20,0,0,1,35,44.916815199991106,45.10945819999324,262.296875,290.6171875,94.6,0.0,,,
31,0.9835,0.04600187327301828,60,0,7,53,0,13,0,0,2,40,43.83059549999598,44.38942579999275,253.296875,225.26171875,96.0,0.0,,,
32,0.9839,0.045833832215331494,60,0,7,53,0,13,0,0,2,40,39.02538770000683,39.86247469999944,233.84375,233.3359375,94.7,0.0,,,
33,0.9839,0.044278792016464286,60,0,7,53,0,10,0,0,2,46,40.288720200012904,41.22767780000868,240.8125,278.984375,95.2,0.0,,,
34,0.9842,0.04404975496033439,60,0,7,53,0,10,0,0,2,46,39.20376150000084,40.138563300002716,234.296875,302.04296875,94.6,0.0,,,
35,0.9844,0.04404813493977999,60,0,7,53,0,10,0,0,2,47,40.88982609999948,42.460764499992365,243.71875,214.421875,97.2,0.0,,,
36,0.9849,0.04258298213357339,60,0,7,53,0,13,0,0,2,40,43.34791219999897,45.26061579999805,256.125,292.67578125,96.5,0.0,,,
37,0.9857,0.04176305375962984,60,0,7,53,0,13,0,0,2,40,44.45663010000135,46.29065310000442,255.40625,253.125,91.4,0.0,,,
38,0.986,0.0414395882892888,60,0,7,53,0,10,0,0,2,47,41.26109660000657,42.71802870000829,245.4375,310.65625,91.6,0.0,,,
39,0.9865,0.04016260983292014,60,0,7,53,0,14,0,0,2,39,43.43831319999299,45.31286009999167,256.5,343.70703125,93.3,0.0,,,
40,0.9863,0.039392718350177165,59,0,13,46,0,14,0,0,2,35,41.20998410000175,41.37225520001084,245.328125,272.4609375,92.4,0.0,,,
41,0.9865,0.039662798002548516,59,0,13,46,0,13,0,0,3,40,40.90974469999492,41.23985800000082,242.703125,251.07421875,94.3,0.0,,,
42,0.9863,0.03885715116573265,59,0,13,46,0,13,0,0,3,46,40.692532699991716,41.27903989999322,242.375,237.59765625,96.2,0.0,,,
43,0.9862,0.0383759960384923,59,0,13,46,0,11,0,0,3,35,41.39409689999593,42.09060669998871,246.28125,291.0078125,92.4,0.0,,,
44,0.9864,0.03824032010486117,59,0,13,46,0,12,0,0,3,34,44.980179399994086,45.988767299990286,262.109375,201.45703125,96.1,0.0,,,
45,0.9871,0.037333497432956934,59,0,13,46,0,12,0,0,3,34,40.946789399997215,42.37155729999358,244.328125,206.0078125,95.8,0.0,,,
46,0.9868,0.03738733212839579,59,0,13,46,0,11,0,0,3,35,41.48270870000124,43.5280003999942,247.25,309.01953125,94.4,0.0,,,
47,0.9874,0.03669824106843444,59,0,13,46,0,11,0,0,3,35,45.38900689998991,46.94310750000295,257.34375,248.046875,92.8,0.0,,,
48,0.9872,0.03726960820815293,59,0,13,46,0,12,0,0,3,34,40.39911250000296,41.84654569999839,240.890625,335.2578125,91.4,0.0,,,
49,0.9875,0.03698908166643232,59,0,13,46,0,12,0,0,3,40,40.852582099993015,43.32152659998974,242.75,349.1640625,93.3,0.0,,,
50,0.9871,0.03618219784230459,59,1,17,38,3,11,0,0,3,27,41.93414010001288,42.23786440001277,249.828125,309.65234375,91.2,0.0,,,
51,0.9875,0.03630433834223077,59,1,17,38,3,8,0,0,4,34,40.54064339998877,40.86488209999516,239.828125,287.98828125,86.5,0.0,,,
52,0.9871,0.03662329778387211,59,1,17,38,3,12,0,0,4,34,42.24823500000639,42.72715999999491,250.96875,307.45703125,89.3,0.0,,,
53,0.9872,0.03675739102481166,59,1,17,38,3,13,0,0,4,28,38.59996749999118,39.302444299988565,230.578125,304.36328125,86.6,0.0,,,
54,0.9875,0.03631142896416131,59,1,17,38,3,12,0,0,4,34,39.832320099987555,40.73304529998859,237.890625,315.06640625,86.8,0.0,,,
55,0.9878,0.036009736008837355,59,1,17,38,3,12,0,0,4,41,40.5322734000074,41.41984640000737,241.78125,323.90625,87.8,0.0,,,
56,0.9876,0.03498601572208572,59,1,17,38,3,14,0,0,4,27,40.83750149999105,42.79152990000148,242.265625,218.3671875,93.9,0.0,,,
57,0.9874,0.03553805743171833,59,1,17,38,3,12,0,0,4,35,43.85211259999778,44.99391230000765,258.828125,322.55859375,90.9,0.0,,,
58,0.988,0.03572056727909949,59,1,17,38,3,8,0,0,4,34,43.029856099994504,44.25404800000251,254.59375,338.8203125,86.6,0.0,,,
59,0.9873,0.03617907417372335,59,1,17,38,3,13,0,0,4,34,41.44534969999222,42.77675619999354,246.609375,338.0859375,87.5,0.0,,,
60,0.9879,0.03577112499393988,57,6,11,38,2,14,0,0,4,26,39.79105580000032,39.98962899998878,237.90625,297.15625,85.9,0.0,,,
61,0.9878,0.03583735496045556,57,6,11,38,2,11,0,0,5,29,38.734332399995765,39.08221269999922,230.890625,281.79296875,87.4,0.0,,,
62,0.9878,0.03571248008197872,57,6,11,38,2,12,0,0,5,28,40.341466600002605,40.84065140000894,238.8125,234.125,90.6,0.0,,,
63,0.9879,0.035995020642562305,57,6,11,38,2,11,0,0,5,35,41.91167780000251,42.557722400000785,247.203125,302.48828125,88.3,0.0,,,
64,0.9875,0.03487152708994108,57,6,11,38,2,12,0,0,5,28,41.059706699990784,42.085614700001315,244.390625,310.69140625,88.0,0.0,,,
65,0.9884,0.0347893901135365,57,6,11,38,2,11,0,0,5,35,39.043464999995194,40.03464399999939,233.0,317.62109375,83.8,0.0,,,
66,0.9885,0.036012264595314626,57,6,11,38,2,12,0,0,5,28,39.678830200005905,40.79589219999616,236.546875,333.8515625,86.3,0.0,,,
67,0.9879,0.0351212107831845,57,6,11,38,2,12,0,0,5,34,40.0464040000079,41.150493200009805,236.921875,320.98828125,87.4,0.0,,,
68,0.9884,0.035381343056992046,57,6,11,38,2,11,0,0,5,40,38.12112850000267,39.44537760000094,228.4375,358.2890625,88.9,0.0,,,
69,0.9881,0.0354683327901992,57,6,11,38,2,11,0,0,5,29,38.67912109999452,40.055383900005836,231.40625,358.78125,88.0,0.0,,,
70,0.9879,0.035622389857145026,53,5,12,31,5,11,0,0,5,26,41.57681329999468,41.78043980000075,245.859375,314.44140625,88.8,0.0,,,
71,0.9885,0.03514113802415086,53,5,12,31,5,11,0,0,6,31,38.27592159999767,38.606239300002926,226.25,271.6640625,88.4,0.0,,,
72,0.9881,0.03551485665864893,53,5,12,31,5,10,0,0,6,26,36.429621900009806,36.920422499999404,216.875,274.9453125,86.2,0.0,,,
73,0.9885,0.035160859529973824,53,5,12,31,5,10,0,0,6,31,37.884314599999925,38.65256450000743,223.9375,281.63671875,87.3,0.0,,,
74,0.9886,0.035462861451870414,53,5,12,31,5,11,0,0,6,30,36.76617650000844,37.58374560000084,218.53125,295.94140625,87.4,0.0,,,
75,0.9879,0.03675911098742363,53,5,12,31,5,10,0,0,6,26,38.66495830001077,39.53739240000141,229.28125,292.5546875,89.2,0.0,,,
76,0.9885,0.03684105833262147,53,5,12,31,5,10,0,0,6,26,37.11532699999225,38.10511819999374,220.84375,317.4765625,87.3,0.0,,,
77,0.9883,0.036850869515362136,53,5,12,31,5,10,0,0,6,26,37.5651310000103,39.08808830000635,222.6875,324.49609375,87.6,0.0,,,
78,0.9881,0.035734603707003404,53,5,12,31,5,11,0,0,6,31,35.82737479999196,36.961850399995456,213.390625,342.28125,89.3,0.0,,,
79,0.9879,0.03604753077079513,53,5,12,31,5,12,0,0,6,30,34.54747469999711,35.9924461000046,206.671875,355.41796875,89.4,0.0,,,
80,0.9885,0.03661470499007992,48,4,18,26,0,11,0,0,6,22,34.60073080001166,34.7564515999984,207.03125,296.86328125,86.6,0.0,,,
81,0.9875,0.03788639001552656,48,4,18,26,0,11,0,0,7,15,31.37708050000947,31.74997550000262,188.453125,249.5703125,86.5,0.0,,,
82,0.9879,0.038475300961130415,48,4,18,26,0,10,0,0,7,16,30.830945100009558,31.33405680001306,185.1875,264.63671875,85.0,0.0,,,
83,0.9875,0.037660210643285244,48,4,18,26,0,8,0,0,7,26,31.571199599988176,32.18946969999524,188.359375,267.609375,85.3,0.0,,,
84,0.9874,0.03754689120811381,48,4,18,26,0,10,0,0,7,26,31.66136679999181,32.46082480000041,189.40625,281.2890625,85.9,0.0,,,
85,0.9875,0.03780792186218168,48,4,18,26,0,9,0,0,7,26,31.37414670000726,32.17585410000174,188.203125,305.23828125,87.1,0.0,,,
86,0.9875,0.03778011719915376,48,4,18,26,0,9,0,0,7,21,32.09149279999838,33.026523400010774,192.375,309.13671875,86.3,0.0,,,
87,0.9876,0.038764014955163295,48,4,18,26,0,10,0,0,7,21,31.7126874000096,32.72761070000706,189.859375,311.48828125,87.5,0.0,,,
88,0.9874,0.038082417058490685,48,4,18,26,0,9,0,0,7,21,31.267188700003317,32.36916940000083,188.140625,323.6015625,85.7,0.0,,,
89,0.9877,0.03802069093190439,48,4,18,26,0,10,0,0,7,16,33.22013159999915,34.35398250000435,198.796875,305.17578125,87.1,0.0,,,
90,0.9876,0.038883834016657785,42,6,16,20,0,10,0,0,7,16,33.58252790001279,33.75513520000095,200.3125,285.83984375,88.9,0.0,,,
91,0.9873,0.03892621727808,42,6,16,20,0,9,0,0,8,15,28.43430680000165,28.741877399996156,169.1875,244.89453125,87.4,0.0,,,
92,0.9877,0.03910712412679386,42,6,16,20,0,9,0,0,8,15,29.913979199991445,30.416531299997587,176.8125,245.6171875,89.8,0.0,,,
93,0.9873,0.0387156171851595,42,6,16,20,0,9,0,0,8,15,29.1920747999975,29.871971799992025,174.78125,269.51171875,90.1,0.0,,,
94,0.987,0.039987412190646866,42,6,16,20,0,9,0,0,8,15,28.825900399999227,29.545246699999552,172.90625,272.76953125,89.4,0.0,,,
95,0.9874,0.03944420712410065,42,6,16,20,0,8,0,0,8,15,28.37126120000903,29.264924700008123,169.765625,275.83203125,91.0,0.0,,,
96,0.9871,0.03951294291509548,42,6,16,20,0,7,0,0,8,20,28.17000630000257,29.027719600009732,168.3125,291.03515625,91.6,0.0,,,
97,0.987,0.03954621876467354,42,6,16,20,0,8,0,0,8,15,28.482860800009803,29.453338699997403,170.703125,295.45703125,92.0,0.0,,,
98,0.9873,0.03994769205416014,42,6,16,20,0,8,0,0,8,20,28.625104399994598,29.577090799997677,171.09375,297.79296875,88.5,0.0,,,
99,0.9873,0.041000417134784944,42,6,16,20,0,10,0,0,8,10,27.6288906000118,28.736428000003798,165.796875,303.44921875,87.4,0.0,,,
100,0.9872,0.04056229014787896,33,8,9,16,0,7,0,0,8,16,28.49194009999337,28.64610059998813,170.578125,283.48828125,88.1,0.0,,,
