decision_round,observation_round,client_id,is_free_rider,was_trapped,reason,delta_norm,norm_z_score,loss,loss_z_score,coverage_checks,coverage_flags,penalty
6,6,2,0,0,large_norm_z,1.2040393352508545,3.727993965148926,,,,,1
6,6,16,0,0,large_norm_z,1.2014662027359009,3.6765313148498535,,,,,1
6,6,26,0,0,large_norm_z,1.1736022233963013,3.1192517280578613,,,,,1
6,6,32,0,0,large_norm_z,1.2004035711288452,3.6552786827087402,,,,,1
6,6,33,0,0,large_norm_z,1.1900571584701538,3.448350429534912,,,,,1
6,6,34,0,0,large_norm_z,1.2297886610031128,4.242980480194092,,,,,1
6,6,37,0,0,large_norm_z,1.2405569553375244,4.458346366882324,,,,,1
6,6,41,0,0,large_norm_z,1.204923152923584,3.7456703186035156,,,,,1
6,6,45,0,0,large_norm_z,1.180474877357483,3.256704807281494,,,,,1
6,6,47,0,0,large_norm_z,1.1800798177719116,3.2488036155700684,,,,,1
6,6,50,0,0,large_norm_z,1.171774983406067,3.082706928253174,,,,,1
6,6,51,0,0,large_norm_z,1.4297431707382202,8.24207067489624,,,,,1
6,6,60,0,0,large_norm_z,1.1829532384872437,3.306272029876709,,,,,1
6,6,65,0,0,large_norm_z,1.1795574426651,3.238356113433838,,,,,1
6,6,91,0,0,large_norm_z,1.1706198453903198,3.0596041679382324,,,,,1
6,6,98,0,0,large_norm_z,1.1768311262130737,3.1838297843933105,,,,,1
7,7,60,0,0,large_norm_z,1.2944014072418213,3.381560372573287,,,,,1
21,21,26,0,1,anchor_norm_outlier,0.7622919678688049,4.038982361487558,,,,,3
21,21,37,0,1,anchor_norm_outlier,0.7447804808616638,3.725353533520433,,,,,3
21,21,45,0,1,anchor_norm_outlier,0.7887983918190002,4.513709531927704,,,,,3
24,24,26,0,1,anchor_norm_outlier,0.7695269584655762,3.2535898685455322,,,,,3
24,24,45,0,1,anchor_norm_outlier,0.8264309763908386,4.391670227050781,,,,,3
24,24,51,0,1,anchor_norm_outlier,0.38416725397109985,-4.453604221343994,,,,,3
27,27,16,0,1,anchor_norm_outlier,0.8435832262039185,5.7919347286224365,,,,,3
27,27,26,0,1,anchor_norm_outlier,0.778408408164978,4.488438367843628,,,,,3
27,27,37,0,1,anchor_norm_outlier,0.7728222608566284,4.376715421676636,,,,,3
27,27,45,0,1,anchor_norm_outlier,0.8239401578903198,5.399073362350464,,,,,3
27,27,60,0,1,anchor_norm_outlier,0.7301766276359558,3.5238027572631836,,,,,3
29,29,45,0,1,anchor_norm_outlier,0.8676871061325073,4.383021593093872,,,,,3
29,29,51,0,1,anchor_norm_outlier,0.40058398246765137,-4.959040880203247,,,,,3
30,30,51,0,1,anchor_norm_outlier,0.40830671787261963,-3.668829011124171,,,,,3
31,31,26,0,1,anchor_norm_outlier,0.8354853987693787,6.853086948394775,,,,,3
31,31,37,0,1,anchor_norm_outlier,0.7521374225616455,5.186127424240112,,,,,3
31,31,45,0,1,anchor_norm_outlier,0.8188410997390747,6.520200967788696,,,,,3
32,32,26,0,1,anchor_norm_outlier,0.8578299283981323,7.163600130938913,,,,,3
32,32,37,0,1,anchor_norm_outlier,0.7884156107902527,5.82597988824249,,,,,3
33,33,37,0,1,anchor_norm_outlier,0.8320803046226501,5.233683568631616,,,,,3
36,36,51,0,1,anchor_norm_outlier,0.3364398777484894,-3.07611346244812,,,,,3
