round,global_accuracy,global_loss,num_active_clients,num_suspected_clients,num_trapped,num_aggregated,round_compute_seconds,round_time_seconds,process_cpu_seconds,process_rss_mb,system_memory_percent,cpu_percent,cuda_allocated_mb,cuda_reserved_mb,cuda_peak_allocated_mb
1,0.8501,1.2169059226989747,100,0,0,100,64.69389439999941,64.94320690000313,80.75,914.85546875,52.5,0.0,2266.28955078125,3388.0,2420.9716796875
2,0.8998,0.33206005425453183,100,0,0,100,65.96995910000987,66.27404410002055,80.9375,946.59765625,52.6,0.0,2299.51220703125,3388.0,2454.1943359375
3,0.925,0.293456645655632,100,0,0,100,65.72855480000726,66.08906349999597,81.203125,1010.03515625,53.1,0.0,1813.84033203125,3388.0,1968.5224609375
4,0.9372,0.27023538424521687,100,0,0,100,65.00354760000482,65.43938229998457,80.265625,1105.25,53.7,0.0,1847.06298828125,3388.0,2001.7451171875
5,0.9456,0.2332139135979116,100,0,0,100,65.7894541999849,66.3246422999946,81.390625,1232.125,54.6,0.0,1880.28564453125,3388.0,2034.9677734375
6,0.9521,0.19845769328270108,100,16,0,100,67.28701400000136,67.79321030000574,82.90625,1390.03515625,52.2,0.0,1913.50830078125,3388.0,2068.1904296875
7,0.9561,0.16335859678201378,100,16,0,100,59.785617699992144,60.371939100004965,77.171875,1548.75,53.1,0.0,1946.73095703125,3388.0,2101.4130859375
8,0.9615,0.1328093828856945,100,16,0,100,67.16476760001387,67.79645840000012,82.78125,1707.34375,54.2,0.0,1979.95361328125,3388.0,2134.6357421875
9,0.9657,0.11258665560558438,100,16,0,100,66.2174247999792,66.81251519999932,81.875,1865.94140625,55.4,0.0,2013.17626953125,3388.0,2167.8583984375
10,0.9688,0.09914581009410321,100,16,0,100,65.56313860000228,66.22667420000653,82.015625,2024.671875,56.8,0.0,2046.39892578125,3388.0,2201.0810546875
11,0.9711,0.09029435895979404,100,16,20,80,65.7337845999864,66.51859409999452,81.421875,2183.296875,57.8,0.0,2080.41259765625,3388.0,2204.4697265625
12,0.9726,0.0831323467174545,100,16,20,80,64.89737510000123,65.56717809999827,80.71875,2341.8828125,58.8,0.0,2129.42626953125,3388.0,2253.4833984375
13,0.9749,0.07781114291315898,100,16,20,80,64.89394129998982,65.65306079998845,80.296875,2500.4765625,59.8,0.0,2178.43994140625,3388.0,2302.4970703125
14,0.9762,0.07321427014097572,100,16,20,80,65.35079210001277,66.25472050000099,80.890625,2659.07421875,60.7,0.0,2227.45361328125,3388.0,2351.5107421875
15,0.9776,0.0703167402079329,100,16,20,80,68.33339049998904,69.36883769999258,86.125,1263.4453125,53.6,0.0,1911.01806640625,3388.0,2035.0751953125
16,0.9784,0.06783692736439406,100,16,20,80,67.31511400002637,68.40677920001326,83.21875,1422.03515625,54.7,0.0,1960.03173828125,3388.0,2084.0888671875
17,0.979,0.06504958035438321,100,16,20,80,62.047072699991986,63.116333999991184,78.421875,1580.6640625,55.5,0.0,2009.04541015625,3388.0,2133.1025390625
18,0.979,0.06279044880182483,100,16,20,80,70.51804290001746,71.52400380000472,87.015625,1739.2578125,56.9,0.0,2058.05908203125,3388.0,2182.1162109375
19,0.979,0.060539757190831,100,16,20,80,66.46997049998026,67.89587019997998,81.78125,1897.83984375,58.0,0.0,2107.07275390625,3388.0,2231.1298828125
20,0.9801,0.05833430679999292,100,16,20,80,74.4827105999866,75.15039419999812,89.796875,2056.4609375,61.4,0.0,2156.8759765625,3388.0,2317.0947265625
21,0.9806,0.056747885305806996,100,16,28,72,69.69809749998967,70.36473649999243,85.375,2215.046875,61.7,0.0,2207.4716796875,3388.0,2319.27880859375
22,0.9812,0.055405218472285196,100,16,27,73,68.00141430000076,68.60841960000107,83.65625,2215.05078125,59.8,0.0,2214.57763671875,3388.0,2327.916015625
23,0.9819,0.054010056691383944,100,16,27,73,67.14371890001348,67.75857559998985,82.1875,2337.94140625,51.4,0.0,2254.11669921875,3388.0,2367.455078125
24,0.9825,0.05265548301589443,100,16,27,73,64.04214609999326,82.57553740000003,79.046875,2500.83984375,52.3,0.0,2293.65576171875,3388.0,2406.994140625
25,0.9827,0.05140717312031193,100,16,27,73,60.84603080002125,61.49256880002213,75.484375,2659.43359375,53.2,0.0,2333.19482421875,3388.0,2446.533203125
26,0.9833,0.05058700906529557,100,16,27,73,55.7463186000241,56.656038900022395,72.328125,2818.015625,54.3,0.0,2372.73388671875,3388.0,2486.072265625
27,0.9837,0.04961096593746916,100,16,27,73,63.19362010000623,64.27445070000249,78.515625,1415.2578125,52.4,0.0,2080.04638671875,3388.0,2193.384765625
28,0.9842,0.04868735395651311,100,16,27,73,62.90559999999823,63.88310489998548,77.90625,1230.5078125,52.4,0.0,448.40966796875,3388.0,561.748046875
29,0.9842,0.04815555103998631,100,16,27,73,63.54234680000809,64.26256120001199,78.125,1389.1484375,53.3,0.0,487.94873046875,3388.0,601.287109375
30,0.9842,0.04750804673100356,100,4,27,73,63.19597399997292,63.78844029997708,77.09375,1389.1484375,52.8,0.0,495.0546875,3388.0,608.39306640625
31,0.9849,0.04611006505786208,99,3,17,83,61.53604669999913,62.1419281999988,76.96875,1547.74609375,53.7,0.0,535.384765625,3388.0,664.03564453125
32,0.9852,0.04524640407129191,98,2,16,83,61.832437700009905,62.40248740001698,76.109375,1547.77734375,53.5,0.0,541.69970703125,3388.0,670.3505859375
33,0.9852,0.04415686825810699,97,1,15,83,60.13598849999835,62.14563390001422,75.46875,1706.34765625,54.5,0.0,581.2373046875,3388.0,709.88818359375
34,0.9856,0.043441674178960964,97,1,13,84,59.133712799986824,59.96290620000218,74.125,1864.9609375,55.4,0.0,620.77490234375,3388.0,750.95703125
35,0.9855,0.042957956072123486,97,1,13,84,59.48924090000219,60.19992569999886,74.546875,2023.56640625,56.6,0.0,661.103515625,3388.0,791.28564453125
36,0.9863,0.04248129114182666,97,1,13,84,59.2365495999984,59.93795449999743,74.046875,2182.171875,57.5,0.0,701.43212890625,3388.0,831.6142578125
37,0.9863,0.04204013578381855,97,1,13,84,59.249846999999136,59.89633660000982,73.640625,2340.8046875,58.6,0.0,741.7607421875,3388.0,871.94287109375
38,0.986,0.04173444927760866,97,1,13,84,59.825664400006644,60.54179019998992,74.15625,2499.21484375,49.9,0.0,782.08935546875,3388.0,912.271484375
39,0.9861,0.04150439171330072,97,1,13,84,55.72682090001763,56.524136899999576,71.0625,1389.1796875,51.1,0.0,556.63671875,3388.0,686.81884765625
40,0.986,0.04098225430818857,97,1,13,84,60.72239539999282,61.47686369999428,77.96875,1547.796875,52.6,0.0,578.01611328125,3388.0,708.1982421875
41,0.9859,0.04077868626503041,97,1,14,83,66.8847897000087,67.54951589999837,82.0,1706.37109375,54.1,0.0,619.1357421875,3388.0,747.78662109375
42,0.9864,0.04045062154532061,97,1,14,83,54.645712300000014,55.25543109999853,72.078125,1864.96484375,55.0,0.0,660.25390625,3388.0,788.90478515625
43,0.9863,0.040073283140873536,97,1,14,83,59.133165600011125,60.09116559999529,76.40625,2023.5625,55.9,0.0,701.3720703125,3388.0,830.02294921875
44,0.9868,0.039805067307283754,97,1,13,84,63.39927289998741,64.02553299997817,79.375,2182.1796875,56.9,0.0,742.490234375,3388.0,872.67236328125
45,0.987,0.03944208950308675,97,1,13,84,61.39841359999264,62.05217260000063,76.640625,2340.7734375,57.8,0.0,782.81884765625,3388.0,913.0009765625
46,0.9867,0.03943629479778465,97,1,13,84,60.63585989997955,61.30912679998437,75.78125,2499.34375,58.9,0.0,823.1474609375,3388.0,953.32958984375
47,0.9869,0.03900908611090854,97,1,13,84,59.75004039998748,60.51811169998837,74.859375,2657.9375,59.9,0.0,863.47607421875,3388.0,993.658203125
48,0.987,0.03901386805102811,97,1,13,84,59.51808429998346,60.18553940000129,74.484375,2816.55859375,60.7,0.0,903.8046875,3388.0,1033.98681640625
49,0.987,0.03893630512963282,97,1,13,84,59.44748899998376,60.22321019999799,74.984375,2975.17578125,61.7,0.0,944.13330078125,3388.0,1074.3154296875
50,0.9874,0.03858804080140835,97,1,13,84,58.63305689999834,59.260564399999566,73.140625,3133.79296875,62.9,0.0,977.35595703125,3388.0,1107.5380859375
51,0.9872,0.03844838835936971,97,1,14,83,57.81311899999855,58.36289760001819,73.171875,1547.85546875,52.9,0.0,645.12939453125,3388.0,773.7802734375
52,0.9873,0.038320484202745135,97,1,14,83,61.16257620000397,61.781294600019464,78.421875,1706.13671875,49.6,0.0,686.24755859375,3388.0,814.8984375
53,0.9877,0.038194143644254656,97,1,14,83,54.62110710001434,55.32439350002096,71.953125,1864.88671875,51.2,0.0,727.36572265625,3388.0,856.0166015625
54,0.9878,0.03837467170159507,97,1,13,84,60.71133250001003,61.537233500013826,77.578125,2023.484375,52.5,0.0,768.48388671875,3388.0,898.666015625
55,0.9874,0.03825805233977299,97,1,13,84,62.77033050000318,63.94421190000139,77.734375,2182.078125,53.7,0.0,808.8125,3388.0,938.99462890625
56,0.9874,0.03824778803290974,97,1,13,84,60.43069490001653,61.210839800012764,75.46875,2340.671875,55.0,0.0,849.14111328125,3388.0,979.3232421875
57,0.9873,0.03808484122186492,97,1,13,84,60.20898589998251,60.862415199982934,75.484375,2499.265625,56.1,0.0,889.4697265625,3388.0,1019.65185546875
58,0.9873,0.0378834301945797,97,1,13,84,59.98623040001257,60.663037699996494,74.796875,2657.859375,57.1,0.0,929.79833984375,3388.0,1059.98046875
59,0.9873,0.037937975857700805,97,1,13,84,59.471577399992384,60.22619260000647,74.40625,2816.4609375,58.2,0.0,970.126953125,3388.0,1100.30908203125
60,0.9875,0.03789669006615732,97,0,13,84,55.77607119997265,56.37225089999265,72.90625,2975.1015625,59.0,0.0,937.02734375,3388.0,1067.20947265625
61,0.9873,0.03760997577848611,97,0,10,87,60.45463230001042,61.19829570001457,78.71875,3133.69921875,59.9,0.0,978.14697265625,3388.0,1112.9228515625
62,0.9876,0.037619712241245724,97,0,10,87,63.3006951000134,63.975049300002865,79.25,3292.30078125,60.7,0.0,1019.26513671875,3388.0,1154.041015625
63,0.9874,0.03786901499245869,97,0,10,87,61.60455869999714,62.28611459999229,76.15625,1706.3671875,51.9,0.0,694.14306640625,3388.0,828.9189453125
64,0.9876,0.03771841754610068,97,0,10,87,60.251154500001576,60.931142999994336,75.0625,1864.96484375,52.8,0.0,735.26123046875,3388.0,870.037109375
65,0.9878,0.037831018820350434,97,0,10,87,59.76761450001504,60.47149590001209,75.390625,2023.55859375,54.0,0.0,776.37939453125,3388.0,911.1552734375
66,0.9875,0.037788123522233215,97,0,10,87,59.47578259999864,60.10029449997819,74.171875,2182.15234375,54.8,0.0,817.49755859375,3388.0,952.2734375
67,0.9876,0.03783047798119951,97,0,10,87,60.99428949999856,61.65310159997898,76.078125,2340.12890625,50.2,0.0,858.61572265625,3388.0,993.3916015625
68,0.9878,0.03777423857112371,97,0,9,88,59.37193789999583,60.1816206999938,74.984375,2498.8984375,51.3,0.0,899.73388671875,3388.0,1036.041015625
69,0.988,0.038040188088837024,97,0,9,88,59.57615569999325,60.47125440000673,74.953125,2657.5,52.5,0.0,940.0625,3388.0,1076.36962890625
70,0.988,0.03788518735408434,97,0,9,88,59.16737360000843,59.70654929999728,74.3125,2816.1015625,53.8,0.0,906.962890625,3388.0,1043.27001953125
71,0.9881,0.03775129067121016,97,0,10,87,56.33611850001034,56.96597920000204,71.890625,2974.69921875,54.8,0.0,948.08251953125,3388.0,1082.8583984375
72,0.9881,0.03770788596476413,97,0,10,87,59.892159899987746,60.53237839997746,74.8125,3133.30859375,56.0,0.0,989.20068359375,3388.0,1123.9765625
73,0.9879,0.03778819097575251,97,0,10,87,59.14481389999855,59.754169699997874,74.078125,3291.9140625,57.1,0.0,1030.31884765625,3388.0,1165.0947265625
74,0.9881,0.03800426683178739,97,0,10,87,59.74587139999494,60.45139759997255,74.765625,3450.51171875,58.1,0.0,1071.43701171875,3388.0,1206.212890625
75,0.9877,0.03807752884025249,97,0,10,87,59.403831000003265,60.04521219999879,74.4375,1864.58203125,52.1,0.0,747.10595703125,3388.0,881.8818359375
76,0.9882,0.03798687627863183,97,0,10,87,59.158621599985054,59.82377059999271,73.4375,2023.17578125,53.2,0.0,788.22412109375,3388.0,923.0
77,0.9881,0.037998505780408594,97,0,10,87,58.86258739998448,59.68525859998772,73.8125,2181.76953125,54.2,0.0,829.34228515625,3388.0,964.1181640625
78,0.9881,0.037999392983743385,97,0,9,88,56.4054984000104,57.11184820000199,72.359375,2340.359375,55.1,0.0,870.46044921875,3388.0,1006.767578125
79,0.988,0.03814562277453187,97,0,9,88,59.29370039998321,60.091244499984896,74.625,2498.953125,56.1,0.0,910.7890625,3388.0,1047.09619140625
80,0.988,0.03802098880572958,97,0,9,88,63.04252240000642,63.672543299995596,79.265625,2657.55078125,57.2,0.0,890.322265625,3388.0,1026.62939453125
81,0.988,0.03816515856785263,97,0,10,87,59.68292510000174,60.31221789997653,76.765625,2816.140625,58.2,0.0,931.44189453125,3388.0,1066.2177734375
82,0.9879,0.038047609408516654,97,0,10,87,63.41544579999754,64.05069699999876,78.859375,2974.20703125,50.4,0.0,972.56005859375,3388.0,1107.3359375
83,0.9881,0.038212286799903086,97,0,10,87,60.58949699997902,61.175147399975685,75.53125,3132.953125,51.7,0.0,1013.67822265625,3388.0,1148.4541015625
84,0.9881,0.03836466832935985,97,0,10,87,59.56991009999183,60.20869789997232,74.40625,3291.59375,52.8,0.0,1054.79638671875,3388.0,1189.572265625
85,0.9881,0.03829492059245058,97,0,10,87,59.23139450000599,59.9801129999978,73.78125,3450.2578125,54.0,0.0,1095.91455078125,3388.0,1230.6904296875
86,0.9881,0.03824001769237512,97,0,10,87,58.95223540000734,59.76890189998085,73.65625,3608.85546875,55.3,0.0,1137.03271484375,3388.0,1271.80859375
87,0.9883,0.03813489164707717,97,0,10,87,59.01003230002243,60.094564300001366,73.4375,2022.92578125,52.2,0.0,812.70166015625,3388.0,947.4775390625
88,0.9882,0.038164783649801026,97,0,9,88,59.12312340000062,59.97584269999061,74.390625,2181.5234375,53.3,0.0,853.81982421875,3388.0,990.126953125
89,0.9883,0.03809709112812161,97,0,9,88,59.205936000013025,60.36514880001778,76.640625,2340.1953125,55.3,0.0,894.1484375,3388.0,1030.45556640625
90,0.9882,0.03821664991097823,97,0,9,88,65.42140960000688,68.12917629998992,82.015625,2498.79296875,59.4,0.0,889.47265625,3388.0,1025.77978515625
91,0.988,0.03804469498778581,97,0,10,87,66.06266319999122,66.69370329999947,81.59375,2657.39453125,59.4,0.0,930.59228515625,3388.0,1065.3681640625
92,0.9884,0.03810458028552821,97,0,10,87,64.89236120000714,65.63849280000431,82.453125,2816.015625,60.4,0.0,971.71044921875,3388.0,1106.486328125
93,0.9882,0.03824350305787666,97,0,10,87,65.50585930002853,66.1350567000045,80.984375,2974.6953125,61.4,0.0,1012.82861328125,3388.0,1147.6044921875
94,0.9884,0.03848077396826539,97,0,10,87,66.32278130002669,66.99225470001693,82.828125,3133.2890625,61.5,0.0,1053.94677734375,3388.0,1188.72265625
95,0.9882,0.03839849579128659,97,0,10,87,63.9328925999871,64.87560119997943,82.65625,3291.8984375,61.7,0.0,1095.06494140625,3388.0,1229.8408203125
96,0.9879,0.03857677052152758,97,0,10,87,67.3383860999893,68.21020359999966,83.78125,3450.50390625,62.5,0.0,1136.18310546875,3388.0,1270.958984375
97,0.988,0.03870028423277181,97,0,10,87,64.32267449999927,65.1870206000167,80.921875,3249.38671875,61.6,0.0,1177.30126953125,3388.0,1312.0771484375
98,0.9879,0.03887800148315764,97,0,9,88,62.97131600001012,64.20135770001798,79.28125,3408.0078125,62.6,0.0,1218.41943359375,3388.0,1354.7265625
99,0.9879,0.038807089646045276,97,0,9,88,64.50369919999503,65.4533231999958,81.640625,1822.078125,52.7,0.0,893.298828125,3388.0,1029.60595703125
100,0.9881,0.038982280517722394,97,0,9,88,59.64647410000907,60.65324100002181,77.59375,1980.671875,55.0,0.0,904.4140625,3388.0,1040.72119140625
