decision_round,observation_round,client_id,is_free_rider,was_trapped,reason,delta_norm,norm_z_score,magnitude_flag,profile_score,profile_z_score,profile_median,profile_mad,profile_flag,joint_flag_count,loss,loss_z_score,coverage_checks,coverage_flags,coverage_joint_flags,penalty
1,1,0,1,0,zero_update,0.0,,0,,,,,0,0,,,,,,5
1,1,3,1,0,zero_update,0.0,,0,,,,,0,0,,,,,,5
1,1,4,1,0,zero_update,0.0,,0,,,,,0,0,,,,,,5
1,1,5,1,0,zero_update,0.0,,0,,,,,0,0,,,,,,5
1,1,6,1,0,zero_update,0.0,,0,,,,,0,0,,,,,,5
1,1,11,1,0,zero_update,0.0,,0,,,,,0,0,,,,,,5
1,1,13,1,0,zero_update,0.0,,0,,,,,0,0,,,,,,5
1,1,14,1,0,zero_update,0.0,,0,,,,,0,0,,,,,,5
1,1,17,1,0,zero_update,0.0,,0,,,,,0,0,,,,,,5
1,1,19,1,0,zero_update,0.0,,0,,,,,0,0,,,,,,5
1,1,20,1,0,zero_update,0.0,,0,,,,,0,0,,,,,,5
1,1,24,1,0,zero_update,0.0,,0,,,,,0,0,,,,,,5
1,1,25,1,0,zero_update,0.0,,0,,,,,0,0,,,,,,5
1,1,27,1,0,zero_update,0.0,,0,,,,,0,0,,,,,,5
1,1,28,1,0,zero_update,0.0,,0,,,,,0,0,,,,,,5
1,1,29,1,0,zero_update,0.0,,0,,,,,0,0,,,,,,5
1,1,31,1,0,zero_update,0.0,,0,,,,,0,0,,,,,,5
1,1,35,1,0,zero_update,0.0,,0,,,,,0,0,,,,,,5
1,1,43,1,0,zero_update,0.0,,0,,,,,0,0,,,,,,5
1,1,53,1,0,zero_update,0.0,,0,,,,,0,0,,,,,,5
1,1,54,1,0,zero_update,0.0,,0,,,,,0,0,,,,,,5
1,1,57,1,0,zero_update,0.0,,0,,,,,0,0,,,,,,5
1,1,64,1,0,zero_update,0.0,,0,,,,,0,0,,,,,,5
1,1,67,1,0,zero_update,0.0,,0,,,,,0,0,,,,,,5
1,1,69,1,0,zero_update,0.0,,0,,,,,0,0,,,,,,5
1,1,71,1,0,zero_update,0.0,,0,,,,,0,0,,,,,,5
1,1,75,1,0,zero_update,0.0,,0,,,,,0,0,,,,,,5
1,1,77,1,0,zero_update,0.0,,0,,,,,0,0,,,,,,5
1,1,79,1,0,zero_update,0.0,,0,,,,,0,0,,,,,,5
1,1,81,1,0,zero_update,0.0,,0,,,,,0,0,,,,,,5
1,1,82,1,0,zero_update,0.0,,0,,,,,0,0,,,,,,5
1,1,84,1,0,zero_update,0.0,,0,,,,,0,0,,,,,,5
1,1,86,1,0,zero_update,0.0,,0,,,,,0,0,,,,,,5
1,1,88,1,0,zero_update,0.0,,0,,,,,0,0,,,,,,5
1,1,89,1,0,zero_update,0.0,,0,,,,,0,0,,,,,,5
1,1,90,1,0,zero_update,0.0,,0,,,,,0,0,,,,,,5
1,1,93,1,0,zero_update,0.0,,0,,,,,0,0,,,,,,5
1,1,94,1,0,zero_update,0.0,,0,,,,,0,0,,,,,,5
1,1,95,1,0,zero_update,0.0,,0,,,,,0,0,,,,,,5
1,1,97,1,0,zero_update,0.0,,0,,,,,0,0,,,,,,5
20,19,0,1,1,norm_z_outlier+layer_profile_outlier,0.18348516523838043,-4.850900144192979,1,0.130724236369133,5.275653761746241,0.03442759811878204,0.01825302466750145,1,2,,,2,2,2,4
20,17,3,1,1,norm_z_outlier+layer_profile_outlier,0.25356927514076233,-5.616537216791444,1,0.12012211978435516,4.115917356650932,0.03610728681087494,0.020412176847457886,1,2,,,2,2,2,4
20,17,4,1,1,norm_z_outlier+layer_profile_outlier,0.25356927514076233,-5.616537216791444,1,0.12012211978435516,4.115917356650932,0.03610728681087494,0.020412176847457886,1,2,,,2,2,2,4
20,18,5,1,1,norm_z_outlier+layer_profile_outlier,0.18348516523838043,-4.850900144192979,1,0.130724236369133,5.275653761746241,0.03442759811878204,0.01825302466750145,1,2,,,2,2,2,4
20,19,6,1,1,norm_z_outlier+layer_profile_outlier,0.18348516523838043,-4.850900144192979,1,0.130724236369133,5.275653761746241,0.03442759811878204,0.01825302466750145,1,2,,,2,2,2,4
20,20,11,1,1,norm_z_outlier+layer_profile_outlier,0.0896819531917572,-5.569698601506238,1,0.11755494028329849,4.554168072348048,0.03442759811878204,0.01825302466750145,1,2,,,2,2,2,4
20,17,13,1,1,norm_z_outlier+layer_profile_outlier,0.25356927514076233,-5.616537216791444,1,0.12012211978435516,4.115917356650932,0.03610728681087494,0.020412176847457886,1,2,,,2,2,2,4
20,19,14,1,1,norm_z_outlier+layer_profile_outlier,0.0896819531917572,-5.569698601506238,1,0.11755494028329849,4.554168072348048,0.03442759811878204,0.01825302466750145,1,2,,,2,2,2,4
20,19,17,1,1,norm_z_outlier+layer_profile_outlier,0.0896819531917572,-5.569698601506238,1,0.11755494028329849,4.554168072348048,0.03442759811878204,0.01825302466750145,1,2,,,2,2,2,4
20,19,19,1,1,norm_z_outlier+layer_profile_outlier,0.18348516523838043,-4.850900144192979,1,0.130724236369133,5.275653761746241,0.03442759811878204,0.01825302466750145,1,2,,,2,2,2,4
20,18,20,1,1,norm_z_outlier+layer_profile_outlier,0.09277325868606567,-5.54601044017453,1,0.11996486783027649,4.6861970149960435,0.03442759811878204,0.01825302466750145,1,2,,,2,2,2,4
20,16,24,1,1,norm_z_outlier+layer_profile_outlier,0.17344561219215393,-6.385713231238256,1,0.12189587205648422,4.202814128385985,0.03610728681087494,0.020412176847457886,1,2,,,2,2,2,4
20,17,25,1,1,norm_z_outlier+layer_profile_outlier,0.25356927514076233,-5.616537216791444,1,0.12012211978435516,4.115917356650932,0.03610728681087494,0.020412176847457886,1,2,,,2,2,2,4
20,19,27,1,1,norm_z_outlier+layer_profile_outlier,0.18348516523838043,-4.850900144192979,1,0.130724236369133,5.275653761746241,0.03442759811878204,0.01825302466750145,1,2,,,2,2,2,4
20,17,28,1,1,norm_z_outlier+layer_profile_outlier,0.23991049826145172,-5.747659574102854,1,0.12053936719894409,4.136358459905478,0.03610728681087494,0.020412176847457886,1,2,,,2,2,2,4
20,20,29,1,1,norm_z_outlier+layer_profile_outlier,0.302822083234787,-3.9364411327712685,1,0.13600453734397888,5.5649373775322415,0.03442759811878204,0.01825302466750145,1,2,,,2,2,2,4
20,16,31,1,1,norm_z_outlier+layer_profile_outlier,0.25396353006362915,-5.612752424395704,1,0.12206905335187912,4.211298343307749,0.03610728681087494,0.020412176847457886,1,2,,,2,2,2,4
20,20,35,1,1,norm_z_outlier+layer_profile_outlier,0.302822083234787,-3.9364411327712685,1,0.13600453734397888,5.5649373775322415,0.03442759811878204,0.01825302466750145,1,2,,,2,2,2,4
20,19,43,1,1,norm_z_outlier+layer_profile_outlier,0.0896819531917572,-5.569698601506238,1,0.11755494028329849,4.554168072348048,0.03442759811878204,0.01825302466750145,1,2,,,2,2,2,4
20,20,53,1,1,norm_z_outlier+layer_profile_outlier,0.0896819531917572,-5.569698601506238,1,0.11755494028329849,4.554168072348048,0.03442759811878204,0.01825302466750145,1,2,,,2,2,2,4
20,16,54,1,1,norm_z_outlier+layer_profile_outlier,0.25396353006362915,-5.612752424395704,1,0.12206905335187912,4.211298343307749,0.03610728681087494,0.020412176847457886,1,2,,,2,2,2,4
20,17,57,1,1,norm_z_outlier+layer_profile_outlier,0.23991049826145172,-5.747659574102854,1,0.12053936719894409,4.136358459905478,0.03610728681087494,0.020412176847457886,1,2,,,2,2,2,4
20,16,64,1,1,norm_z_outlier+layer_profile_outlier,0.25396353006362915,-5.612752424395704,1,0.12206905335187912,4.211298343307749,0.03610728681087494,0.020412176847457886,1,2,,,2,2,2,4
20,16,67,1,1,norm_z_outlier+layer_profile_outlier,0.25396353006362915,-5.612752424395704,1,0.12206905335187912,4.211298343307749,0.03610728681087494,0.020412176847457886,1,2,,,2,2,2,4
20,19,69,1,1,norm_z_outlier+layer_profile_outlier,0.0896819531917572,-5.569698601506238,1,0.11755494028329849,4.554168072348048,0.03442759811878204,0.01825302466750145,1,2,,,2,2,2,4
20,16,71,1,1,norm_z_outlier+layer_profile_outlier,0.25396353006362915,-5.612752424395704,1,0.12206905335187912,4.211298343307749,0.03610728681087494,0.020412176847457886,1,2,,,2,2,2,4
20,19,75,1,1,norm_z_outlier+layer_profile_outlier,0.0896819531917572,-5.569698601506238,1,0.11755494028329849,4.554168072348048,0.03442759811878204,0.01825302466750145,1,2,,,2,2,2,4
20,18,77,1,1,norm_z_outlier+layer_profile_outlier,0.18348516523838043,-4.850900144192979,1,0.130724236369133,5.275653761746241,0.03442759811878204,0.01825302466750145,1,2,,,2,2,2,4
20,16,79,1,1,norm_z_outlier+layer_profile_outlier,0.17344561219215393,-6.385713231238256,1,0.12189587205648422,4.202814128385985,0.03610728681087494,0.020412176847457886,1,2,,,2,2,2,4
20,19,81,1,1,norm_z_outlier+layer_profile_outlier,0.0896819531917572,-5.569698601506238,1,0.11755494028329849,4.554168072348048,0.03442759811878204,0.01825302466750145,1,2,,,2,2,2,4
20,19,82,1,1,norm_z_outlier+layer_profile_outlier,0.18348516523838043,-4.850900144192979,1,0.130724236369133,5.275653761746241,0.03442759811878204,0.01825302466750145,1,2,,,2,2,2,4
20,19,84,1,1,norm_z_outlier+layer_profile_outlier,0.18348516523838043,-4.850900144192979,1,0.130724236369133,5.275653761746241,0.03442759811878204,0.01825302466750145,1,2,,,2,2,2,4
20,20,86,1,1,norm_z_outlier+layer_profile_outlier,0.302822083234787,-3.9364411327712685,1,0.13600453734397888,5.5649373775322415,0.03442759811878204,0.01825302466750145,1,2,,,2,2,2,4
20,20,88,1,1,norm_z_outlier+layer_profile_outlier,0.302822083234787,-3.9364411327712685,1,0.13600453734397888,5.5649373775322415,0.03442759811878204,0.01825302466750145,1,2,,,2,2,2,4
20,20,89,1,1,norm_z_outlier+layer_profile_outlier,0.302822083234787,-3.9364411327712685,1,0.13600453734397888,5.5649373775322415,0.03442759811878204,0.01825302466750145,1,2,,,2,2,2,4
20,18,90,1,1,norm_z_outlier+layer_profile_outlier,0.09277325868606567,-5.54601044017453,1,0.11996486783027649,4.6861970149960435,0.03442759811878204,0.01825302466750145,1,2,,,2,2,2,4
20,18,93,1,1,norm_z_outlier+layer_profile_outlier,0.18348516523838043,-4.850900144192979,1,0.130724236369133,5.275653761746241,0.03442759811878204,0.01825302466750145,1,2,,,2,2,2,4
20,20,94,1,1,norm_z_outlier+layer_profile_outlier,0.302822083234787,-3.9364411327712685,1,0.13600453734397888,5.5649373775322415,0.03442759811878204,0.01825302466750145,1,2,,,2,2,2,4
20,17,95,1,1,norm_z_outlier+layer_profile_outlier,0.23991049826145172,-5.747659574102854,1,0.12053936719894409,4.136358459905478,0.03610728681087494,0.020412176847457886,1,2,,,2,2,2,4
20,19,97,1,1,norm_z_outlier+layer_profile_outlier,0.0896819531917572,-5.569698601506238,1,0.11755494028329849,4.554168072348048,0.03442759811878204,0.01825302466750145,1,2,,,2,2,2,4
21,21,0,1,1,anchor_norm_outlier+layer_profile_outlier,0.2747589349746704,-11.028392314910889,1,0.1924329251050949,18.052905704826117,0.011903868056833744,0.004350078757852316,1,1,,,,,,3
21,21,3,1,1,anchor_norm_outlier+layer_profile_outlier,0.24931718409061432,-9.776833951473236,1,0.16353176534175873,14.992837514728308,0.01360339019447565,0.0,1,1,,,,,,3
21,21,4,1,1,anchor_norm_outlier+layer_profile_outlier,0.24994729459285736,-11.52462512254715,1,0.193037211894989,18.113334383815527,0.011903868056833744,0.004350078757852316,1,1,,,,,,3
21,21,5,1,1,anchor_norm_outlier+layer_profile_outlier,0.264657199382782,-11.230427026748657,1,0.1930222362279892,18.111836817115545,0.011903868056833744,0.004350078757852316,1,1,,,,,,3
21,21,6,1,1,anchor_norm_outlier+layer_profile_outlier,0.2747589349746704,-11.028392314910889,1,0.1924329251050949,18.052905704826117,0.011903868056833744,0.004350078757852316,1,1,,,,,,3
21,21,11,1,1,anchor_norm_outlier+layer_profile_outlier,0.29252415895462036,-9.395273923873901,1,0.17414529621601105,16.416409611701965,0.009981200098991394,0.005748256575316191,1,1,,,,,,3
21,21,13,1,1,anchor_norm_outlier+layer_profile_outlier,0.25042158365249634,-10.321645736694336,1,0.1691311001777649,15.471603721380234,0.014415062963962555,0.0,1,1,,,,,,3
21,21,14,1,1,anchor_norm_outlier+layer_profile_outlier,0.2747589349746704,-11.028392314910889,1,0.1924329251050949,18.052905704826117,0.011903868056833744,0.004350078757852316,1,1,,,,,,3
21,21,17,1,1,anchor_norm_outlier+layer_profile_outlier,0.2741502821445465,-9.280171990394592,1,0.16288623213768005,14.92828419432044,0.01360339019447565,0.0,1,1,,,,,,3
21,21,19,1,1,anchor_norm_outlier+layer_profile_outlier,0.2747589349746704,-11.028392314910889,1,0.1924329251050949,18.052905704826117,0.011903868056833744,0.004350078757852316,1,1,,,,,,3
21,21,20,1,1,anchor_norm_outlier+layer_profile_outlier,0.264657199382782,-11.230427026748657,1,0.1930222362279892,18.111836817115545,0.011903868056833744,0.004350078757852316,1,1,,,,,,3
21,21,24,1,1,anchor_norm_outlier+layer_profile_outlier,0.14556144177913666,-11.85194879770279,1,0.1597185581922531,14.611516799777746,0.01360339019447565,0.0,1,1,,,,,,3
21,21,25,1,1,anchor_norm_outlier+layer_profile_outlier,0.250821053981781,-10.229336023330688,1,0.1755850911140442,16.56038910150528,0.009981200098991394,0.005748256575316191,1,1,,,,,,3
21,21,27,1,1,anchor_norm_outlier+layer_profile_outlier,0.2741502821445465,-9.280171990394592,1,0.16288623213768005,14.92828419432044,0.01360339019447565,0.0,1,1,,,,,,3
21,21,28,1,1,anchor_norm_outlier+layer_profile_outlier,0.24931718409061432,-9.776833951473236,1,0.16353176534175873,14.992837514728308,0.01360339019447565,0.0,1,1,,,,,,3
21,21,29,1,1,anchor_norm_outlier+layer_profile_outlier,0.29214709997177124,-9.487135410308838,1,0.16803404688835144,15.361898392438889,0.014415062963962555,0.0,1,1,,,,,,3
21,21,31,1,1,anchor_norm_outlier+layer_profile_outlier,0.14556144177913666,-11.85194879770279,1,0.1597185581922531,14.611516799777746,0.01360339019447565,0.0,1,1,,,,,,3
21,21,35,1,1,anchor_norm_outlier+layer_profile_outlier,0.29252415895462036,-9.395273923873901,1,0.17414529621601105,16.416409611701965,0.009981200098991394,0.005748256575316191,1,1,,,,,,3
21,21,43,1,1,anchor_norm_outlier+layer_profile_outlier,0.2752394378185272,-9.825288653373718,1,0.1682087630033493,15.379370003938675,0.014415062963962555,0.0,1,1,,,,,,3
21,21,53,1,1,anchor_norm_outlier+layer_profile_outlier,0.29105842113494873,-8.942009210586548,1,0.16287361085414886,14.927022065967321,0.01360339019447565,0.0,1,1,,,,,,3
21,21,54,1,1,anchor_norm_outlier+layer_profile_outlier,0.1465333104133606,-12.39941120147705,1,0.16575711965560913,15.134205669164658,0.014415062963962555,0.0,1,1,,,,,,3
21,21,57,1,1,anchor_norm_outlier+layer_profile_outlier,0.25042158365249634,-10.321645736694336,1,0.1691311001777649,15.471603721380234,0.014415062963962555,0.0,1,1,,,,,,3
21,21,64,1,1,anchor_norm_outlier+layer_profile_outlier,0.1469053477048874,-12.30765014886856,1,0.17463530600070953,16.465410590171814,0.009981200098991394,0.005748256575316191,1,1,,,,,,3
21,21,67,1,1,anchor_norm_outlier+layer_profile_outlier,0.1469053477048874,-12.30765014886856,1,0.17463530600070953,16.465410590171814,0.009981200098991394,0.005748256575316191,1,1,,,,,,3
21,21,69,1,1,anchor_norm_outlier+layer_profile_outlier,0.27562835812568665,-9.733189940452576,1,0.17448601126670837,16.450481116771698,0.009981200098991394,0.005748256575316191,1,1,,,,,,3
21,21,71,1,1,anchor_norm_outlier+layer_profile_outlier,0.14556144177913666,-11.85194879770279,1,0.1597185581922531,14.611516799777746,0.01360339019447565,0.0,1,1,,,,,,3
21,21,75,1,1,anchor_norm_outlier+layer_profile_outlier,0.2747589349746704,-11.028392314910889,1,0.1924329251050949,18.052905704826117,0.011903868056833744,0.004350078757852316,1,1,,,,,,3
21,21,77,1,1,anchor_norm_outlier+layer_profile_outlier,0.2655225098133087,-9.935306906700134,1,0.17523162066936493,16.525042057037354,0.009981200098991394,0.005748256575316191,1,1,,,,,,3
21,21,79,1,1,anchor_norm_outlier+layer_profile_outlier,0.1465333104133606,-12.39941120147705,1,0.16575711965560913,15.134205669164658,0.014415062963962555,0.0,1,1,,,,,,3
21,21,81,1,1,anchor_norm_outlier+layer_profile_outlier,0.2752394378185272,-9.825288653373718,1,0.1682087630033493,15.379370003938675,0.014415062963962555,0.0,1,1,,,,,,3
21,21,82,1,1,anchor_norm_outlier+layer_profile_outlier,0.2747589349746704,-11.028392314910889,1,0.1924329251050949,18.052905704826117,0.011903868056833744,0.004350078757852316,1,1,,,,,,3
21,21,84,1,1,anchor_norm_outlier+layer_profile_outlier,0.2741502821445465,-9.280171990394592,1,0.16288623213768005,14.92828419432044,0.01360339019447565,0.0,1,1,,,,,,3
21,21,86,1,1,anchor_norm_outlier+layer_profile_outlier,0.29214709997177124,-9.487135410308838,1,0.16803404688835144,15.361898392438889,0.014415062963962555,0.0,1,1,,,,,,3
21,21,88,1,1,anchor_norm_outlier+layer_profile_outlier,0.29252415895462036,-9.395273923873901,1,0.17414529621601105,16.416409611701965,0.009981200098991394,0.005748256575316191,1,1,,,,,,3
21,21,89,1,1,anchor_norm_outlier+layer_profile_outlier,0.29214709997177124,-9.487135410308838,1,0.16803404688835144,15.361898392438889,0.014415062963962555,0.0,1,1,,,,,,3
21,21,90,1,1,anchor_norm_outlier+layer_profile_outlier,0.26513803005218506,-10.027316808700562,1,0.1689002364873886,15.448517352342606,0.014415062963962555,0.0,1,1,,,,,,3
21,21,93,1,1,anchor_norm_outlier+layer_profile_outlier,0.2655225098133087,-9.935306906700134,1,0.17523162066936493,16.525042057037354,0.009981200098991394,0.005748256575316191,1,1,,,,,,3
21,21,94,1,1,anchor_norm_outlier+layer_profile_outlier,0.2916921377182007,-10.689728260040283,1,0.192337766289711,18.043389823287725,0.011903868056833744,0.004350078757852316,1,1,,,,,,3
21,21,95,1,1,anchor_norm_outlier+layer_profile_outlier,0.24931718409061432,-9.776833951473236,1,0.16353176534175873,14.992837514728308,0.01360339019447565,0.0,1,1,,,,,,3
21,21,97,1,1,anchor_norm_outlier+layer_profile_outlier,0.27562835812568665,-9.733189940452576,1,0.17448601126670837,16.450481116771698,0.009981200098991394,0.005748256575316191,1,1,,,,,,3
22,22,0,1,1,anchor_norm_outlier+layer_profile_outlier,0.4150383472442627,-7.027788162231445,1,0.17492051422595978,15.776127763092518,0.0171592365950346,0.0,1,1,,,,,,3
22,22,3,1,1,anchor_norm_outlier+layer_profile_outlier,0.27922624349594116,-9.744030237197876,1,0.17227740585803986,15.511816926300526,0.0171592365950346,0.0,1,1,,,,,,3
22,22,4,1,1,anchor_norm_outlier+layer_profile_outlier,0.27901679277420044,-9.74821925163269,1,0.17203718423843384,15.487794764339924,0.0171592365950346,0.0,1,1,,,,,,3
22,22,5,1,1,anchor_norm_outlier+layer_profile_outlier,0.4048021137714386,-7.232512831687927,1,0.1752430945634842,15.80838579684496,0.0171592365950346,0.0,1,1,,,,,,3
22,22,6,1,1,anchor_norm_outlier+layer_profile_outlier,0.4150383472442627,-7.027788162231445,1,0.17492051422595978,15.776127763092518,0.0171592365950346,0.0,1,1,,,,,,3
22,22,11,1,1,anchor_norm_outlier+layer_profile_outlier,0.4317939579486847,-6.692675948143005,1,0.17459848523139954,15.743924863636494,0.0171592365950346,0.0,1,1,,,,,,3
22,22,13,1,1,anchor_norm_outlier+layer_profile_outlier,0.27828022837638855,-5.169424715372647,1,0.17558124661445618,16.22503362596035,0.013330910354852676,0.0018050158396363258,1,1,,,,,,3
22,22,14,1,1,anchor_norm_outlier+layer_profile_outlier,0.41425320506095886,-7.50565230846405,1,0.1954953521490097,18.44217274338007,0.011073624715209007,0.0,1,1,,,,,,3
22,22,17,1,1,anchor_norm_outlier+layer_profile_outlier,0.41549575328826904,-7.886730432510376,1,0.1745045930147171,17.026704642921686,0.00423754658550024,0.0018726876005530357,1,1,,,,,,3
22,22,19,1,1,anchor_norm_outlier+layer_profile_outlier,0.41441282629966736,-3.73185768128786,1,0.17996090650558472,16.662999615073204,0.013330910354852676,0.0018050158396363258,1,1,,,,,,3
22,22,20,1,1,anchor_norm_outlier+layer_profile_outlier,0.4041578769683838,-3.840150458475374,1,0.18019244074821472,16.686153039336205,0.013330910354852676,0.0018050158396363258,1,1,,,,,,3
22,22,24,1,1,anchor_norm_outlier+layer_profile_outlier,0.27861636877059937,-5.165875056019094,1,0.17609448730945587,16.27635769546032,0.013330910354852676,0.0018050158396363258,1,1,,,,,,3
22,22,25,1,1,anchor_norm_outlier+layer_profile_outlier,0.2788272202014923,-9.752010703086853,1,0.17150335013866425,15.434411354362965,0.0171592365950346,0.0,1,1,,,,,,3
22,22,27,1,1,anchor_norm_outlier+layer_profile_outlier,0.41549575328826904,-7.886730432510376,1,0.1745045930147171,17.026704642921686,0.00423754658550024,0.0018726876005530357,1,1,,,,,,3
22,22,28,1,1,anchor_norm_outlier+layer_profile_outlier,0.27845299243927,-10.221656560897827,1,0.1937464475631714,18.267282284796238,0.011073624715209007,0.0,1,1,,,,,,3
22,22,29,1,1,anchor_norm_outlier+layer_profile_outlier,0.43121960759162903,-3.554377231322353,1,0.17992524802684784,16.659433767199516,0.013330910354852676,0.0018050158396363258,1,1,,,,,,3
22,22,31,1,1,anchor_norm_outlier+layer_profile_outlier,0.27922624349594116,-9.744030237197876,1,0.17227740585803986,15.511816926300526,0.0171592365950346,0.0,1,1,,,,,,3
22,22,35,1,1,anchor_norm_outlier+layer_profile_outlier,0.43209677934646606,-7.5547099113464355,1,0.17402316629886627,16.978561971336603,0.00423754658550024,0.0018726876005530357,1,1,,,,,,3
22,22,43,1,1,anchor_norm_outlier+layer_profile_outlier,0.4141409695148468,-7.5078970193862915,1,0.19542984664440155,18.435622192919254,0.011073624715209007,0.0,1,1,,,,,,3
22,22,53,1,1,anchor_norm_outlier+layer_profile_outlier,0.43218547105789185,-6.684845685958862,1,0.17516642808914185,15.800719149410725,0.0171592365950346,0.0,1,1,,,,,,3
22,22,54,1,1,anchor_norm_outlier+layer_profile_outlier,0.27828022837638855,-5.169424715372647,1,0.17558124661445618,16.22503362596035,0.013330910354852676,0.0018050158396363258,1,1,,,,,,3
22,22,57,1,1,anchor_norm_outlier+layer_profile_outlier,0.27812740206718445,-10.228168368339539,1,0.19287528097629547,18.180165626108646,0.011073624715209007,0.0,1,1,,,,,,3
22,22,64,1,1,anchor_norm_outlier+layer_profile_outlier,0.2780041992664337,-10.230632424354553,1,0.1924109011888504,18.13372764736414,0.011073624715209007,0.0,1,1,,,,,,3
22,22,67,1,1,anchor_norm_outlier+layer_profile_outlier,0.2793569564819336,-10.609506368637085,1,0.17219778895378113,16.79602423682809,0.00423754658550024,0.0018726876005530357,1,1,,,,,,3
22,22,69,1,1,anchor_norm_outlier+layer_profile_outlier,0.41422393918037415,-3.733852338702774,1,0.17954780161380768,16.6216891258955,0.013330910354852676,0.0018050158396363258,1,1,,,,,,3
22,22,71,1,1,anchor_norm_outlier+layer_profile_outlier,0.27845299243927,-10.221656560897827,1,0.1937464475631714,18.267282284796238,0.011073624715209007,0.0,1,1,,,,,,3
22,22,75,1,1,anchor_norm_outlier+layer_profile_outlier,0.41530942916870117,-7.890456914901733,1,0.17426809668540955,17.00305500999093,0.00423754658550024,0.0018726876005530357,1,1,,,,,,3
22,22,77,1,1,anchor_norm_outlier+layer_profile_outlier,0.40490180253982544,-8.098609447479248,1,0.17431169748306274,17.00741508975625,0.00423754658550024,0.0018726876005530357,1,1,,,,,,3
22,22,79,1,1,anchor_norm_outlier+layer_profile_outlier,0.27932557463645935,-10.61013400554657,1,0.17193765938282013,16.77001127973199,0.00423754658550024,0.0018726876005530357,1,1,,,,,,3
22,22,81,1,1,anchor_norm_outlier+layer_profile_outlier,0.4141409695148468,-7.5078970193862915,1,0.19542984664440155,18.435622192919254,0.011073624715209007,0.0,1,1,,,,,,3
22,22,82,1,1,anchor_norm_outlier+layer_profile_outlier,0.41441282629966736,-3.73185768128786,1,0.17996090650558472,16.662999615073204,0.013330910354852676,0.0018050158396363258,1,1,,,,,,3
22,22,84,1,1,anchor_norm_outlier+layer_profile_outlier,0.4144546091556549,-7.501624226570129,1,0.1959831267595291,18.49095020443201,0.011073624715209007,0.0,1,1,,,,,,3
22,22,86,1,1,anchor_norm_outlier+layer_profile_outlier,0.43121960759162903,-3.554377231322353,1,0.17992524802684784,16.659433767199516,0.013330910354852676,0.0018050158396363258,1,1,,,,,,3
22,22,88,1,1,anchor_norm_outlier+layer_profile_outlier,0.4311772882938385,-3.554824125220929,1,0.17972655594348907,16.63956455886364,0.013330910354852676,0.0018050158396363258,1,1,,,,,,3
22,22,89,1,1,anchor_norm_outlier+layer_profile_outlier,0.4310828745365143,-7.169058918952942,1,0.19549421966075897,18.442059494554996,0.011073624715209007,0.0,1,1,,,,,,3
22,22,90,1,1,anchor_norm_outlier+layer_profile_outlier,0.40388405323028564,-7.713035345077515,1,0.19571775197982788,18.464412726461887,0.011073624715209007,0.0,1,1,,,,,,3
22,22,93,1,1,anchor_norm_outlier+layer_profile_outlier,0.40490180253982544,-8.098609447479248,1,0.17431169748306274,17.00741508975625,0.00423754658550024,0.0018726876005530357,1,1,,,,,,3
22,22,94,1,1,anchor_norm_outlier+layer_profile_outlier,0.4319878816604614,-6.688797473907471,1,0.17497240006923676,15.781316347420216,0.0171592365950346,0.0,1,1,,,,,,3
22,22,95,1,1,anchor_norm_outlier+layer_profile_outlier,0.2796850800514221,-10.602943897247314,1,0.17281928658485413,16.85817399993539,0.00423754658550024,0.0018726876005530357,1,1,,,,,,3
22,22,97,1,1,anchor_norm_outlier+layer_profile_outlier,0.41514861583709717,-7.8936731815338135,1,0.17396776378154755,16.97302171960473,0.00423754658550024,0.0018726876005530357,1,1,,,,,,3
23,23,0,1,1,anchor_norm_outlier+layer_profile_outlier,0.49644216895103455,-3.535723090171814,1,0.17679426074028015,15.772300772368908,0.019071253016591072,0.0,1,1,,,,,,3
23,23,3,1,1,anchor_norm_outlier+layer_profile_outlier,0.3597443103790283,-8.310481309890747,1,0.17952319979667664,16.735774744302034,0.012165452353656292,0.001265052706003189,1,1,,,,,,3
23,23,4,1,1,anchor_norm_outlier+layer_profile_outlier,0.3592637777328491,-8.638584613800049,1,0.16820363700389862,14.662383124232292,0.0215798057615757,0.0,1,1,,,,,,3
23,23,5,1,1,anchor_norm_outlier+layer_profile_outlier,0.35990336537361145,-8.589443564414978,1,0.19255490601062775,17.259682528674603,0.01995808072388172,0.0011888444423675537,1,1,,,,,,3
23,23,6,1,1,anchor_norm_outlier+layer_profile_outlier,0.49644216895103455,-3.535723090171814,1,0.17679426074028015,15.772300772368908,0.019071253016591072,0.0,1,1,,,,,,3
23,23,11,1,1,anchor_norm_outlier+layer_profile_outlier,0.5128611326217651,-5.248144865036011,1,0.17991626262664795,16.775081027299166,0.012165452353656292,0.001265052706003189,1,1,,,,,,3
23,23,13,1,1,anchor_norm_outlier+layer_profile_outlier,0.3598729372024536,-6.267107725143433,1,0.17529994249343872,15.622868947684765,0.019071253016591072,0.0,1,1,,,,,,3
23,23,14,1,1,anchor_norm_outlier+layer_profile_outlier,0.49656546115875244,-3.533257246017456,1,0.17682498693466187,15.77537339180708,0.019071253016591072,0.0,1,1,,,,,,3
23,23,17,1,1,anchor_norm_outlier+layer_profile_outlier,0.49622660875320435,-5.580835342407227,1,0.18055324256420135,16.838779021054506,0.012165452353656292,0.001265052706003189,1,1,,,,,,3
23,23,19,1,1,anchor_norm_outlier+layer_profile_outlier,0.4961411952972412,-5.582543611526489,1,0.18066026270389557,16.849481035023928,0.012165452353656292,0.001265052706003189,1,1,,,,,,3
23,23,20,1,1,anchor_norm_outlier+layer_profile_outlier,0.35998091101646423,-6.26494824886322,1,0.1754055917263031,15.633433870971203,0.019071253016591072,0.0,1,1,,,,,,3
23,23,24,1,1,anchor_norm_outlier+layer_profile_outlier,0.36028042435646057,-8.581902384757996,1,0.19370383024215698,17.374574951827526,0.01995808072388172,0.0011888444423675537,1,1,,,,,,3
23,23,25,1,1,anchor_norm_outlier+layer_profile_outlier,0.3590884804725647,-8.642090559005737,1,0.16763940453529358,14.605959877371788,0.0215798057615757,0.0,1,1,,,,,,3
23,23,27,1,1,anchor_norm_outlier+layer_profile_outlier,0.4965769350528717,-5.855972170829773,1,0.19357512891292572,17.3617048189044,0.01995808072388172,0.0011888444423675537,1,1,,,,,,3
23,23,28,1,1,anchor_norm_outlier+layer_profile_outlier,0.35961610078811646,-8.631538152694702,1,0.16850094497203827,14.692113921046257,0.0215798057615757,0.0,1,1,,,,,,3
23,23,29,1,1,anchor_norm_outlier+layer_profile_outlier,0.5130816698074341,-5.243734121322632,1,0.18057797849178314,16.841252613812685,0.012165452353656292,0.001265052706003189,1,1,,,,,,3
23,23,31,1,1,anchor_norm_outlier+layer_profile_outlier,0.3601135313510895,-8.585240244865417,1,0.19295619428157806,17.299811355769634,0.01995808072388172,0.0011888444423675537,1,1,,,,,,3
23,23,35,1,1,anchor_norm_outlier+layer_profile_outlier,0.5126194953918457,-5.571470260620117,1,0.16953939199447632,14.795958623290062,0.0215798057615757,0.0,1,1,,,,,,3
23,23,43,1,1,anchor_norm_outlier+layer_profile_outlier,0.4964461326599121,-3.5356438159942627,1,0.17670217156410217,15.76309185475111,0.019071253016591072,0.0,1,1,,,,,,3
23,23,53,1,1,anchor_norm_outlier+layer_profile_outlier,0.5129674673080444,-5.564510822296143,1,0.16994023323059082,14.836042746901512,0.0215798057615757,0.0,1,1,,,,,,3
23,23,54,1,1,anchor_norm_outlier+layer_profile_outlier,0.35996904969215393,-8.588129878044128,1,0.1933073103427887,17.334922961890697,0.01995808072388172,0.0011888444423675537,1,1,,,,,,3
23,23,57,1,1,anchor_norm_outlier+layer_profile_outlier,0.35935965180397034,-8.636667132377625,1,0.1683669239282608,14.67871181666851,0.0215798057615757,0.0,1,1,,,,,,3
23,23,64,1,1,anchor_norm_outlier+layer_profile_outlier,0.35980138182640076,-8.591483235359192,1,0.1919596940279007,17.200161330401897,0.01995808072388172,0.0011888444423675537,1,1,,,,,,3
23,23,67,1,1,anchor_norm_outlier+layer_profile_outlier,0.35970568656921387,-6.2704527378082275,1,0.17440541088581085,15.533415786921978,0.019071253016591072,0.0,1,1,,,,,,3
23,23,69,1,1,anchor_norm_outlier+layer_profile_outlier,0.4962120056152344,-5.8632707595825195,1,0.19321902096271515,17.326094023883343,0.01995808072388172,0.0011888444423675537,1,1,,,,,,3
23,23,71,1,1,anchor_norm_outlier+layer_profile_outlier,0.35961610078811646,-8.631538152694702,1,0.16850094497203827,14.692113921046257,0.0215798057615757,0.0,1,1,,,,,,3
23,23,75,1,1,anchor_norm_outlier+layer_profile_outlier,0.49577534198760986,-5.908353328704834,1,0.16989357769489288,14.831377193331718,0.0215798057615757,0.0,1,1,,,,,,3
23,23,77,1,1,anchor_norm_outlier+layer_profile_outlier,0.3594529330730438,-8.316308856010437,1,0.17896242439746857,16.679697204381227,0.012165452353656292,0.001265052706003189,1,1,,,,,,3
23,23,79,1,1,anchor_norm_outlier+layer_profile_outlier,0.35926827788352966,-8.638494610786438,1,0.16857148706912994,14.699168130755424,0.0215798057615757,0.0,1,1,,,,,,3
23,23,81,1,1,anchor_norm_outlier+layer_profile_outlier,0.49639520049095154,-5.859606862068176,1,0.19318775832653046,17.322967760264874,0.01995808072388172,0.0011888444423675537,1,1,,,,,,3
23,23,82,1,1,anchor_norm_outlier+layer_profile_outlier,0.4961411952972412,-5.582543611526489,1,0.18066026270389557,16.849481035023928,0.012165452353656292,0.001265052706003189,1,1,,,,,,3
23,23,84,1,1,anchor_norm_outlier+layer_profile_outlier,0.49675649404525757,-3.5294365882873535,1,0.1769980639219284,15.792681090533733,0.019071253016591072,0.0,1,1,,,,,,3
23,23,86,1,1,anchor_norm_outlier+layer_profile_outlier,0.5128251314163208,-5.567357540130615,1,0.1702246069908142,14.864480122923851,0.0215798057615757,0.0,1,1,,,,,,3
23,23,88,1,1,anchor_norm_outlier+layer_profile_outlier,0.5130364894866943,-5.244637727737427,1,0.18044228851795197,16.827683616429567,0.012165452353656292,0.001265052706003189,1,1,,,,,,3
23,23,89,1,1,anchor_norm_outlier+layer_profile_outlier,0.5130574703216553,-5.244218111038208,1,0.18008969724178314,16.792424488812685,0.012165452353656292,0.001265052706003189,1,1,,,,,,3
23,23,90,1,1,anchor_norm_outlier+layer_profile_outlier,0.35991424322128296,-6.266281604766846,1,0.17463955283164978,15.55682998150587,0.019071253016591072,0.0,1,1,,,,,,3
23,23,93,1,1,anchor_norm_outlier+layer_profile_outlier,0.35966745018959045,-8.594161868095398,1,0.1920836716890335,17.21255909651518,0.01995808072388172,0.0011888444423675537,1,1,,,,,,3
23,23,94,1,1,anchor_norm_outlier+layer_profile_outlier,0.512988269329071,-5.245602130889893,1,0.18014244735240936,16.797699499875307,0.012165452353656292,0.001265052706003189,1,1,,,,,,3
23,23,95,1,1,anchor_norm_outlier+layer_profile_outlier,0.3601069748401642,-6.262426972389221,1,0.17519362270832062,15.612236969172955,0.019071253016591072,0.0,1,1,,,,,,3
23,23,97,1,1,anchor_norm_outlier+layer_profile_outlier,0.4960979223251343,-5.8655524253845215,1,0.19281218945980072,17.2854108735919,0.01995808072388172,0.0011888444423675537,1,1,,,,,,3
24,24,0,1,1,anchor_norm_outlier+layer_profile_outlier,0.3899928629398346,-6.363387703895569,1,0.18194764852523804,17.20165517181158,0.00993109680712223,0.0028358791023492813,1,1,,,,,,3
24,24,3,1,1,anchor_norm_outlier+layer_profile_outlier,0.39017200469970703,-6.35980486869812,1,0.18125943839550018,17.132834158837795,0.00993109680712223,0.0028358791023492813,1,1,,,,,,3
24,24,4,1,1,anchor_norm_outlier+layer_profile_outlier,0.39010000228881836,-6.3612449169158936,1,0.18175388872623444,17.18227919191122,0.00993109680712223,0.0028358791023492813,1,1,,,,,,3
24,24,5,1,1,anchor_norm_outlier+layer_profile_outlier,0.39061665534973145,-3.7500122352959067,1,0.18042871356010437,16.526685282588005,0.01516186073422432,0.0009201299399137497,1,1,,,,,,3
24,24,6,1,1,anchor_norm_outlier+layer_profile_outlier,0.3905717730522156,-3.7503700286092103,1,0.18099543452262878,16.583357378840446,0.01516186073422432,0.0009201299399137497,1,1,,,,,,3
24,24,11,1,1,anchor_norm_outlier+layer_profile_outlier,0.5415864586830139,-3.364708423614502,1,0.1925947517156601,17.173882760107517,0.020855924114584923,0.0,1,1,,,,,,3
24,24,13,1,1,anchor_norm_outlier+layer_profile_outlier,0.38899704813957214,-6.416496634483337,1,0.19182942807674408,17.097350396215916,0.020855924114584923,0.0,1,1,,,,,,3
24,24,14,1,1,anchor_norm_outlier+layer_profile_outlier,0.3890283703804016,-6.415870189666748,1,0.19144617021083832,17.05902460962534,0.020855924114584923,0.0,1,1,,,,,,3
24,24,17,1,1,anchor_norm_outlier+layer_profile_outlier,0.390636146068573,-3.7498568589168224,1,0.18005196750164032,16.4890106767416,0.01516186073422432,0.0009201299399137497,1,1,,,,,,3
24,24,19,1,1,anchor_norm_outlier+layer_profile_outlier,0.3901281952857971,-6.360681056976318,1,0.18178272247314453,17.18516256660223,0.00993109680712223,0.0028358791023492813,1,1,,,,,,3
24,24,20,1,1,anchor_norm_outlier+layer_profile_outlier,0.390216201543808,-6.358920931816101,1,0.18288511037826538,17.295401357114315,0.00993109680712223,0.0028358791023492813,1,1,,,,,,3
24,24,24,1,1,anchor_norm_outlier+layer_profile_outlier,0.3903708755970001,-6.355827450752258,1,0.18237197399139404,17.24408771842718,0.00993109680712223,0.0028358791023492813,1,1,,,,,,3
24,24,25,1,1,anchor_norm_outlier+layer_profile_outlier,0.3895714581012726,-6.389685273170471,1,0.17100656032562256,16.36146712116897,0.007391889113932848,0.0,1,1,,,,,,3
24,24,27,1,1,anchor_norm_outlier+layer_profile_outlier,0.39007121324539185,-6.361820697784424,1,0.18130861222743988,17.137751542031765,0.00993109680712223,0.0028358791023492813,1,1,,,,,,3
24,24,28,1,1,anchor_norm_outlier+layer_profile_outlier,0.3894752860069275,-6.4069318771362305,1,0.1916782408952713,17.082231678068638,0.020855924114584923,0.0,1,1,,,,,,3
24,24,29,1,1,anchor_norm_outlier+layer_profile_outlier,0.5424838066101074,-3.3314383029937744,1,0.17223693430423737,16.48450451903045,0.007391889113932848,0.0,1,1,,,,,,3
24,24,31,1,1,anchor_norm_outlier+layer_profile_outlier,0.3908443748950958,-3.748196897509084,1,0.1807977557182312,16.563589498400688,0.01516186073422432,0.0009201299399137497,1,1,,,,,,3
24,24,35,1,1,anchor_norm_outlier+layer_profile_outlier,0.5423211455345154,-3.3346915245056152,1,0.17194907367229462,16.455718455836177,0.007391889113932848,0.0,1,1,,,,,,3
24,24,43,1,1,anchor_norm_outlier+layer_profile_outlier,0.39045852422714233,-3.7512728271421154,1,0.18023188412189484,16.50700233876705,0.01516186073422432,0.0009201299399137497,1,1,,,,,,3
24,24,53,1,1,anchor_norm_outlier+layer_profile_outlier,0.542106568813324,-3.354306221008301,1,0.1935189962387085,17.266307212412357,0.020855924114584923,0.0,1,1,,,,,,3
24,24,54,1,1,anchor_norm_outlier+layer_profile_outlier,0.38963860273361206,-6.388342380523682,1,0.17122222483158112,16.383033571764827,0.007391889113932848,0.0,1,1,,,,,,3
24,24,57,1,1,anchor_norm_outlier+layer_profile_outlier,0.39065125584602356,-3.7497364065862477,1,0.18014898896217346,16.498712822794914,0.01516186073422432,0.0009201299399137497,1,1,,,,,,3
24,24,64,1,1,anchor_norm_outlier+layer_profile_outlier,0.3903745710849762,-3.7519420859492714,1,0.17928868532180786,16.412682458758354,0.01516186073422432,0.0009201299399137497,1,1,,,,,,3
24,24,67,1,1,anchor_norm_outlier+layer_profile_outlier,0.3887729048728943,-6.4209794998168945,1,0.19111399352550507,17.025806941092014,0.020855924114584923,0.0,1,1,,,,,,3
24,24,69,1,1,anchor_norm_outlier+layer_profile_outlier,0.3896408677101135,-6.388297080993652,1,0.17122136056423187,16.382947145029902,0.007391889113932848,0.0,1,1,,,,,,3
24,24,71,1,1,anchor_norm_outlier+layer_profile_outlier,0.3904823362827301,-6.353598237037659,1,0.1822131723165512,17.228207550942898,0.00993109680712223,0.0028358791023492813,1,1,,,,,,3
24,24,75,1,1,anchor_norm_outlier+layer_profile_outlier,0.389691561460495,-6.387283205986023,1,0.1712612509727478,16.386936185881495,0.007391889113932848,0.0,1,1,,,,,,3
24,24,77,1,1,anchor_norm_outlier+layer_profile_outlier,0.3900880813598633,-3.7542259286589594,1,0.178933247923851,16.37713871896267,0.01516186073422432,0.0009201299399137497,1,1,,,,,,3
24,24,79,1,1,anchor_norm_outlier+layer_profile_outlier,0.38949841260910034,-6.391146183013916,1,0.17092949151992798,16.353760240599513,0.007391889113932848,0.0,1,1,,,,,,3
24,24,81,1,1,anchor_norm_outlier+layer_profile_outlier,0.39007750153541565,-6.361694931983948,1,0.18132227659225464,17.13911797851324,0.00993109680712223,0.0028358791023492813,1,1,,,,,,3
24,24,82,1,1,anchor_norm_outlier+layer_profile_outlier,0.39073100686073303,-3.7491006463562337,1,0.18097101151943207,16.580915078520775,0.01516186073422432,0.0009201299399137497,1,1,,,,,,3
24,24,84,1,1,anchor_norm_outlier+layer_profile_outlier,0.389333039522171,-6.40977680683136,1,0.19186772406101227,17.101179994642735,0.020855924114584923,0.0,1,1,,,,,,3
24,24,86,1,1,anchor_norm_outlier+layer_profile_outlier,0.5419213175773621,-3.358011245727539,1,0.19352266192436218,17.266673780977726,0.020855924114584923,0.0,1,1,,,,,,3
24,24,88,1,1,anchor_norm_outlier+layer_profile_outlier,0.5424310564994812,-3.332493305206299,1,0.17210596799850464,16.47140788845718,0.007391889113932848,0.0,1,1,,,,,,3
24,24,89,1,1,anchor_norm_outlier+layer_profile_outlier,0.5425271987915039,-3.3305704593658447,1,0.17186321318149567,16.447132406756282,0.007391889113932848,0.0,1,1,,,,,,3
24,24,90,1,1,anchor_norm_outlier+layer_profile_outlier,0.39045852422714233,-3.7512728271421154,1,0.18023188412189484,16.50700233876705,0.01516186073422432,0.0009201299399137497,1,1,,,,,,3
24,24,93,1,1,anchor_norm_outlier+layer_profile_outlier,0.3897729218006134,-6.367786526679993,1,0.1807938814163208,17.086278460919857,0.00993109680712223,0.0028358791023492813,1,1,,,,,,3
24,24,94,1,1,anchor_norm_outlier+layer_profile_outlier,0.5417393445968628,-3.3616507053375244,1,0.19287072122097015,17.201479710638523,0.020855924114584923,0.0,1,1,,,,,,3
24,24,95,1,1,anchor_norm_outlier+layer_profile_outlier,0.38969776034355164,-6.38715922832489,1,0.17147016525268555,16.40782761387527,0.007391889113932848,0.0,1,1,,,,,,3
24,24,97,1,1,anchor_norm_outlier+layer_profile_outlier,0.3887227773666382,-6.421982049942017,1,0.1903810352087021,16.952511109411716,0.020855924114584923,0.0,1,1,,,,,,3
25,25,0,1,1,anchor_norm_outlier+layer_profile_outlier,0.39276042580604553,-6.968935132026672,1,0.1851259171962738,16.744283586740494,0.017683081328868866,0.006963822990655899,1,1,,,,,,3
25,25,3,1,1,anchor_norm_outlier+layer_profile_outlier,0.39529627561569214,-6.507128477096558,1,0.18189379572868347,17.26718069985509,0.00922198873013258,0.005838904995471239,1,1,,,,,,3
25,25,4,1,1,anchor_norm_outlier+layer_profile_outlier,0.3931000232696533,-6.139204502105713,1,0.1733103096485138,15.248381718993187,0.020826492458581924,0.0,1,1,,,,,,3
25,25,5,1,1,anchor_norm_outlier+layer_profile_outlier,0.3926311135292053,-6.971521377563477,1,0.18457572162151337,16.68926402926445,0.017683081328868866,0.006963822990655899,1,1,,,,,,3
25,25,6,1,1,anchor_norm_outlier+layer_profile_outlier,0.392941415309906,-5.072026252746582,1,0.16749604046344757,14.060424454510212,0.02689179591834545,0.0,1,1,,,,,,3
25,25,11,1,1,anchor_norm_outlier+layer_profile_outlier,0.39308735728263855,-6.139457821846008,1,0.1732679009437561,15.244140848517418,0.020826492458581924,0.0,1,1,,,,,,3
25,25,13,1,1,anchor_norm_outlier+layer_profile_outlier,0.39533406496047974,-6.506372690200806,1,0.18385274708271027,17.46307583525777,0.00922198873013258,0.005838904995471239,1,1,,,,,,3
25,25,14,1,1,anchor_norm_outlier+layer_profile_outlier,0.3934355676174164,-5.0621432065963745,1,0.1683272272348404,14.143543131649494,0.02689179591834545,0.0,1,1,,,,,,3
25,25,17,1,1,anchor_norm_outlier+layer_profile_outlier,0.3931078016757965,-6.139048933982849,1,0.17320656776428223,15.23800753057003,0.020826492458581924,0.0,1,1,,,,,,3
25,25,19,1,1,anchor_norm_outlier+layer_profile_outlier,0.39313259720802307,-6.138553023338318,1,0.17325568199157715,15.242918953299522,0.020826492458581924,0.0,1,1,,,,,,3
25,25,20,1,1,anchor_norm_outlier+layer_profile_outlier,0.3929010331630707,-6.966122984886169,1,0.1857805848121643,16.809750348329544,0.017683081328868866,0.006963822990655899,1,1,,,,,,3
25,25,24,1,1,anchor_norm_outlier+layer_profile_outlier,0.39346593618392944,-5.061535835266113,1,0.1675613522529602,14.066955633461475,0.02689179591834545,0.0,1,1,,,,,,3
25,25,25,1,1,anchor_norm_outlier+layer_profile_outlier,0.3950674533843994,-6.511704921722412,1,0.18227586150169373,17.305387277156115,0.00922198873013258,0.005838904995471239,1,1,,,,,,3
25,25,27,1,1,anchor_norm_outlier+layer_profile_outlier,0.39331570267677307,-5.064540505409241,1,0.1669253259897232,14.003353007137775,0.02689179591834545,0.0,1,1,,,,,,3
25,25,28,1,1,anchor_norm_outlier+layer_profile_outlier,0.39341500401496887,-6.955843567848206,1,0.18563351035118103,16.795042902231216,0.017683081328868866,0.006963822990655899,1,1,,,,,,3
25,25,29,1,1,anchor_norm_outlier+layer_profile_outlier,0.3928913176059723,-6.966317296028137,1,0.18543021380901337,16.77471324801445,0.017683081328868866,0.006963822990655899,1,1,,,,,,3
25,25,31,1,1,anchor_norm_outlier+layer_profile_outlier,0.3932897448539734,-5.065059661865234,1,0.1673717051744461,14.047990925610065,0.02689179591834545,0.0,1,1,,,,,,3
25,25,35,1,1,anchor_norm_outlier+layer_profile_outlier,0.3931311368942261,-6.138582229614258,1,0.17387810349464417,15.305161103606224,0.020826492458581924,0.0,1,1,,,,,,3
25,25,43,1,1,anchor_norm_outlier+layer_profile_outlier,0.3926873803138733,-6.970396041870117,1,0.1852250099182129,16.754192858934402,0.017683081328868866,0.006963822990655899,1,1,,,,,,3
25,25,53,1,1,anchor_norm_outlier+layer_profile_outlier,0.393669068813324,-5.057473182678223,1,0.16846030950546265,14.15685135871172,0.02689179591834545,0.0,1,1,,,,,,3
25,25,54,1,1,anchor_norm_outlier+layer_profile_outlier,0.39282312989234924,-6.967681050300598,1,0.18544022738933563,16.775714606046677,0.017683081328868866,0.006963822990655899,1,1,,,,,,3
25,25,57,1,1,anchor_norm_outlier+layer_profile_outlier,0.39518192410469055,-6.509415507316589,1,0.18244612216949463,17.322413343936205,0.00922198873013258,0.005838904995471239,1,1,,,,,,3
25,25,64,1,1,anchor_norm_outlier+layer_profile_outlier,0.39269009232521057,-6.970341801643372,1,0.18444155156612396,16.67584702372551,0.017683081328868866,0.006963822990655899,1,1,,,,,,3
25,25,67,1,1,anchor_norm_outlier+layer_profile_outlier,0.39271554350852966,-6.96983277797699,1,0.1854182928800583,16.773521155118942,0.017683081328868866,0.006963822990655899,1,1,,,,,,3
25,25,69,1,1,anchor_norm_outlier+layer_profile_outlier,0.3930756449699402,-6.139692068099976,1,0.1738361120223999,15.300961956381798,0.020826492458581924,0.0,1,1,,,,,,3
25,25,71,1,1,anchor_norm_outlier+layer_profile_outlier,0.393210768699646,-6.959928274154663,1,0.18475575745105743,16.707267612218857,0.017683081328868866,0.006963822990655899,1,1,,,,,,3
25,25,75,1,1,anchor_norm_outlier+layer_profile_outlier,0.39324280619621277,-6.136348843574524,1,0.17414569854736328,15.331920608878136,0.020826492458581924,0.0,1,1,,,,,,3
25,25,77,1,1,anchor_norm_outlier+layer_profile_outlier,0.39489486813545227,-6.515156626701355,1,0.18189941346645355,17.267742473632097,0.00922198873013258,0.005838904995471239,1,1,,,,,,3
25,25,79,1,1,anchor_norm_outlier+layer_profile_outlier,0.39322200417518616,-6.136764883995056,1,0.17416779696941376,15.334130451083183,0.020826492458581924,0.0,1,1,,,,,,3
25,25,81,1,1,anchor_norm_outlier+layer_profile_outlier,0.39511197805404663,-6.510814428329468,1,0.18186862766742706,17.26466389372945,0.00922198873013258,0.005838904995471239,1,1,,,,,,3
25,25,82,1,1,anchor_norm_outlier+layer_profile_outlier,0.395162969827652,-6.509794592857361,1,0.1826336830854416,17.3411694355309,0.00922198873013258,0.005838904995471239,1,1,,,,,,3
25,25,84,1,1,anchor_norm_outlier+layer_profile_outlier,0.39367231726646423,-5.0574082136154175,1,0.16861385107040405,14.17220551520586,0.02689179591834545,0.0,1,1,,,,,,3
25,25,86,1,1,anchor_norm_outlier+layer_profile_outlier,0.39347922801971436,-5.061269998550415,1,0.16849423944950104,14.160244353115559,0.02689179591834545,0.0,1,1,,,,,,3
25,25,88,1,1,anchor_norm_outlier+layer_profile_outlier,0.393026739358902,-5.070319771766663,1,0.16696594655513763,14.007415063679218,0.02689179591834545,0.0,1,1,,,,,,3
25,25,89,1,1,anchor_norm_outlier+layer_profile_outlier,0.39327672123908997,-6.13567054271698,1,0.1735987365245819,15.277224406599998,0.020826492458581924,0.0,1,1,,,,,,3
25,25,90,1,1,anchor_norm_outlier+layer_profile_outlier,0.39508894085884094,-6.5112751722335815,1,0.18285726010799408,17.36352713778615,0.00922198873013258,0.005838904995471239,1,1,,,,,,3
25,25,93,1,1,anchor_norm_outlier+layer_profile_outlier,0.39489084482192993,-6.515237092971802,1,0.1818053275346756,17.258333880454302,0.00922198873013258,0.005838904995471239,1,1,,,,,,3
25,25,94,1,1,anchor_norm_outlier+layer_profile_outlier,0.39336180686950684,-5.063618421554565,1,0.16752082109451294,14.062902517616749,0.02689179591834545,0.0,1,1,,,,,,3
25,25,95,1,1,anchor_norm_outlier+layer_profile_outlier,0.39337417483329773,-6.133721470832825,1,0.17481406033039093,15.3987567871809,0.020826492458581924,0.0,1,1,,,,,,3
25,25,97,1,1,anchor_norm_outlier+layer_profile_outlier,0.3951236307621002,-6.510581374168396,1,0.18258006870746613,17.335807997733355,0.00922198873013258,0.005838904995471239,1,1,,,,,,3
26,26,0,1,1,anchor_norm_outlier+layer_profile_outlier,0.35559168457984924,-4.712110779119369,1,0.2086208462715149,19.660294521600008,0.012017901055514812,0.005332919768989086,1,1,,,,,,3
26,26,3,1,1,anchor_norm_outlier+layer_profile_outlier,0.3545989394187927,-9.49012041091919,1,0.1674705594778061,14.162803627550602,0.02584252320230007,0.004543790593743324,1,1,,,,,,3
26,26,4,1,1,anchor_norm_outlier+layer_profile_outlier,0.35565173625946045,-6.03158712387085,1,0.18756216764450073,16.83016624301672,0.019260505214333534,0.0,1,1,,,,,,3
26,26,5,1,1,anchor_norm_outlier+layer_profile_outlier,0.3549518883228302,-5.251758694648743,1,0.16965627670288086,15.199125185608864,0.01766502484679222,0.0,1,1,,,,,,3
26,26,6,1,1,anchor_norm_outlier+layer_profile_outlier,0.355000376701355,-5.250788927078247,1,0.17079898715019226,15.313396230340004,0.01766502484679222,0.0,1,1,,,,,,3
26,26,11,1,1,anchor_norm_outlier+layer_profile_outlier,0.3557136356830597,-6.030349135398865,1,0.18769648671150208,16.843598149716854,0.019260505214333534,0.0,1,1,,,,,,3
26,26,13,1,1,anchor_norm_outlier+layer_profile_outlier,0.3550306260585785,-5.250183939933777,1,0.17110317945480347,15.343815460801125,0.01766502484679222,0.0,1,1,,,,,,3
26,26,14,1,1,anchor_norm_outlier+layer_profile_outlier,0.3557136654853821,-6.030348539352417,1,0.18827134370803833,16.90108384937048,0.019260505214333534,0.0,1,1,,,,,,3
26,26,17,1,1,anchor_norm_outlier+layer_profile_outlier,0.3549569547176361,-9.482960104942322,1,0.1694260984659195,14.358357526361942,0.02584252320230007,0.004543790593743324,1,1,,,,,,3
26,26,19,1,1,anchor_norm_outlier+layer_profile_outlier,0.35532504320144653,-5.244295597076416,1,0.17024029791355133,15.257527306675911,0.01766502484679222,0.0,1,1,,,,,,3
26,26,20,1,1,anchor_norm_outlier+layer_profile_outlier,0.35530200600624084,-9.476059079170227,1,0.17067652940750122,14.483400620520115,0.02584252320230007,0.004543790593743324,1,1,,,,,,3
26,26,24,1,1,anchor_norm_outlier+layer_profile_outlier,0.35562047362327576,-6.0322123765945435,1,0.1878843903541565,16.862388513982296,0.019260505214333534,0.0,1,1,,,,,,3
26,26,25,1,1,anchor_norm_outlier+layer_profile_outlier,0.35514509677886963,-6.041719913482666,1,0.18676741421222687,16.750690899789333,0.019260505214333534,0.0,1,1,,,,,,3
26,26,27,1,1,anchor_norm_outlier+layer_profile_outlier,0.35534191131591797,-4.714815077731242,1,0.20739468932151794,19.537678826600313,0.012017901055514812,0.005332919768989086,1,1,,,,,,3
26,26,28,1,1,anchor_norm_outlier+layer_profile_outlier,0.3555462658405304,-9.471173882484436,1,0.17045769095420837,14.46151677519083,0.02584252320230007,0.004543790593743324,1,1,,,,,,3
26,26,29,1,1,anchor_norm_outlier+layer_profile_outlier,0.35555967688560486,-5.2396029233932495,1,0.17135390639305115,15.368888154625893,0.01766502484679222,0.0,1,1,,,,,,3
26,26,31,1,1,anchor_norm_outlier+layer_profile_outlier,0.3548431694507599,-5.253933072090149,1,0.16959762573242188,15.193260088562965,0.01766502484679222,0.0,1,1,,,,,,3
26,26,35,1,1,anchor_norm_outlier+layer_profile_outlier,0.35565319657325745,-6.03155791759491,1,0.1879194676876068,16.865896247327328,0.019260505214333534,0.0,1,1,,,,,,3
26,26,43,1,1,anchor_norm_outlier+layer_profile_outlier,0.3552265465259552,-5.246265530586243,1,0.17068229615688324,15.301727131009102,0.01766502484679222,0.0,1,1,,,,,,3
26,26,53,1,1,anchor_norm_outlier+layer_profile_outlier,0.3557496964931488,-4.710399981930471,1,0.2086474597454071,19.66295586898923,0.012017901055514812,0.005332919768989086,1,1,,,,,,3
26,26,54,1,1,anchor_norm_outlier+layer_profile_outlier,0.35528624057769775,-9.476374387741089,1,0.170564204454422,14.472168125212193,0.02584252320230007,0.004543790593743324,1,1,,,,,,3
26,26,57,1,1,anchor_norm_outlier+layer_profile_outlier,0.3547174036502838,-9.487751126289368,1,0.16855818033218384,14.271565712988377,0.02584252320230007,0.004543790593743324,1,1,,,,,,3
26,26,64,1,1,anchor_norm_outlier+layer_profile_outlier,0.3552716374397278,-6.039189100265503,1,0.18656325340270996,16.730274818837643,0.019260505214333534,0.0,1,1,,,,,,3
26,26,67,1,1,anchor_norm_outlier+layer_profile_outlier,0.35578757524490356,-4.709989868156972,1,0.20958340167999268,19.756550062447786,0.012017901055514812,0.005332919768989086,1,1,,,,,,3
26,26,69,1,1,anchor_norm_outlier+layer_profile_outlier,0.35521799325942993,-9.477739334106445,1,0.1705447882413864,14.470226503908634,0.02584252320230007,0.004543790593743324,1,1,,,,,,3
26,26,71,1,1,anchor_norm_outlier+layer_profile_outlier,0.3553515076637268,-9.475069046020508,1,0.16934145987033844,14.349893666803837,0.02584252320230007,0.004543790593743324,1,1,,,,,,3
26,26,75,1,1,anchor_norm_outlier+layer_profile_outlier,0.3550654351711273,-9.480790495872498,1,0.1697423905134201,14.389986731112003,0.02584252320230007,0.004543790593743324,1,1,,,,,,3
26,26,77,1,1,anchor_norm_outlier+layer_profile_outlier,0.3545553684234619,-6.05351448059082,1,0.18481004238128662,16.55495371669531,0.019260505214333534,0.0,1,1,,,,,,3
26,26,79,1,1,anchor_norm_outlier+layer_profile_outlier,0.3555726408958435,-4.712316965351678,1,0.20828819274902344,19.627029169350863,0.012017901055514812,0.005332919768989086,1,1,,,,,,3
26,26,81,1,1,anchor_norm_outlier+layer_profile_outlier,0.35458728671073914,-5.259050726890564,1,0.16791605949401855,15.025103464722633,0.01766502484679222,0.0,1,1,,,,,,3
26,26,82,1,1,anchor_norm_outlier+layer_profile_outlier,0.354676753282547,-9.488564133644104,1,0.16879519820213318,14.29526749998331,0.02584252320230007,0.004543790593743324,1,1,,,,,,3
26,26,84,1,1,anchor_norm_outlier+layer_profile_outlier,0.3557763695716858,-4.710111192137173,1,0.20914191007614136,19.712400902062654,0.012017901055514812,0.005332919768989086,1,1,,,,,,3
26,26,86,1,1,anchor_norm_outlier+layer_profile_outlier,0.3559889793395996,-4.707809263214957,1,0.2097705453634262,19.77526443079114,0.012017901055514812,0.005332919768989086,1,1,,,,,,3
26,26,88,1,1,anchor_norm_outlier+layer_profile_outlier,0.3556842505931854,-4.71110856560207,1,0.20873594284057617,19.671804178506136,0.012017901055514812,0.005332919768989086,1,1,,,,,,3
26,26,89,1,1,anchor_norm_outlier+layer_profile_outlier,0.3552980422973633,-5.244835615158081,1,0.1699298918247223,15.226486697793007,0.01766502484679222,0.0,1,1,,,,,,3
26,26,90,1,1,anchor_norm_outlier+layer_profile_outlier,0.354992151260376,-4.71860193473028,1,0.20736119151115417,19.534329045563936,0.012017901055514812,0.005332919768989086,1,1,,,,,,3
26,26,93,1,1,anchor_norm_outlier+layer_profile_outlier,0.354869544506073,-4.719929399768968,1,0.20609115064144135,19.407324958592653,0.012017901055514812,0.005332919768989086,1,1,,,,,,3
26,26,94,1,1,anchor_norm_outlier+layer_profile_outlier,0.35545486211776733,-5.24169921875,1,0.17076480388641357,15.309977903962135,0.01766502484679222,0.0,1,1,,,,,,3
26,26,95,1,1,anchor_norm_outlier+layer_profile_outlier,0.3554399013519287,-6.035823822021484,1,0.18802933394908905,16.87688287347555,0.019260505214333534,0.0,1,1,,,,,,3
26,26,97,1,1,anchor_norm_outlier+layer_profile_outlier,0.3549732565879822,-6.045156717300415,1,0.18619205057621002,16.69315453618765,0.019260505214333534,0.0,1,1,,,,,,3
27,27,0,1,1,anchor_norm_outlier+layer_profile_outlier,0.3262588381767273,-7.376461029052734,1,0.13996843993663788,12.368728034198284,0.016281159594655037,0.0,1,1,,,,,,3
27,27,3,1,1,anchor_norm_outlier+layer_profile_outlier,0.32463812828063965,-6.869927644729614,1,0.17842693626880646,16.45293179899454,0.013897618278861046,0.002513900399208069,1,1,,,,,,3
27,27,4,1,1,anchor_norm_outlier+layer_profile_outlier,0.3264061510562897,-7.373514771461487,1,0.14017659425735474,12.38954346626997,0.016281159594655037,0.0,1,1,,,,,,3
27,27,5,1,1,anchor_norm_outlier+layer_profile_outlier,0.3263181149959564,-7.375275492668152,1,0.14022484421730042,12.394368462264538,0.016281159594655037,0.0,1,1,,,,,,3
27,27,6,1,1,anchor_norm_outlier+layer_profile_outlier,0.3251476287841797,-6.8597376346588135,1,0.1811881959438324,16.729057766497135,0.013897618278861046,0.002513900399208069,1,1,,,,,,3
27,27,11,1,1,anchor_norm_outlier+layer_profile_outlier,0.3261263370513916,-9.229769706726074,1,0.20797985792160034,18.872356601059437,0.019256291911005974,0.0,1,1,,,,,,3
27,27,13,1,1,anchor_norm_outlier+layer_profile_outlier,0.32593047618865967,-7.383028268814087,1,0.13986961543560028,12.358845584094524,0.016281159594655037,0.0,1,1,,,,,,3
27,27,14,1,1,anchor_norm_outlier+layer_profile_outlier,0.3253486752510071,-6.855716705322266,1,0.18233202397823334,16.84344056993723,0.013897618278861046,0.002513900399208069,1,1,,,,,,3
27,27,17,1,1,anchor_norm_outlier+layer_profile_outlier,0.32624003291130066,-7.470073103904724,1,0.17873117327690125,16.86776950955391,0.010053478181362152,0.00946221686899662,1,1,,,,,,3
27,27,19,1,1,anchor_norm_outlier+layer_profile_outlier,0.3264833688735962,-7.4652063846588135,1,0.1782018542289734,16.814837604761124,0.010053478181362152,0.00946221686899662,1,1,,,,,,3
27,27,20,1,1,anchor_norm_outlier+layer_profile_outlier,0.3253059685230255,-6.856570839881897,1,0.18146581947803497,16.756820119917393,0.013897618278861046,0.002513900399208069,1,1,,,,,,3
27,27,24,1,1,anchor_norm_outlier+layer_profile_outlier,0.32503369450569153,-6.862016320228577,1,0.17984852194786072,16.595090366899967,0.013897618278861046,0.002513900399208069,1,1,,,,,,3
27,27,25,1,1,anchor_norm_outlier+layer_profile_outlier,0.3259042799472809,-7.383552193641663,1,0.1390916407108307,12.281048111617565,0.016281159594655037,0.0,1,1,,,,,,3
27,27,27,1,1,anchor_norm_outlier+layer_profile_outlier,0.32581189274787903,-9.236058592796326,1,0.20645292103290558,18.71966291218996,0.019256291911005974,0.0,1,1,,,,,,3
27,27,28,1,1,anchor_norm_outlier+layer_profile_outlier,0.3264252245426178,-9.22379195690155,1,0.2091851383447647,18.992884643375874,0.019256291911005974,0.0,1,1,,,,,,3
27,27,29,1,1,anchor_norm_outlier+layer_profile_outlier,0.32534319162368774,-6.855826377868652,1,0.18043068051338196,16.65330622345209,0.013897618278861046,0.002513900399208069,1,1,,,,,,3
27,27,31,1,1,anchor_norm_outlier+layer_profile_outlier,0.3263373374938965,-7.374891042709351,1,0.14052480459213257,12.424364499747753,0.016281159594655037,0.0,1,1,,,,,,3
27,27,35,1,1,anchor_norm_outlier+layer_profile_outlier,0.326516717672348,-7.464539408683777,1,0.1797621250152588,16.970864683389664,0.010053478181362152,0.00946221686899662,1,1,,,,,,3
27,27,43,1,1,anchor_norm_outlier+layer_profile_outlier,0.32642877101898193,-7.466298341751099,1,0.1798432171344757,16.978973895311356,0.010053478181362152,0.00946221686899662,1,1,,,,,,3
27,27,53,1,1,anchor_norm_outlier+layer_profile_outlier,0.32661178708076477,-7.462638020515442,1,0.17990952730178833,16.985604912042618,0.010053478181362152,0.00946221686899662,1,1,,,,,,3
27,27,54,1,1,anchor_norm_outlier+layer_profile_outlier,0.32631686329841614,-7.3753005266189575,1,0.14041836559772491,12.413720600306988,0.016281159594655037,0.0,1,1,,,,,,3
27,27,57,1,1,anchor_norm_outlier+layer_profile_outlier,0.32580646872520447,-7.478744387626648,1,0.17786180973052979,16.780833154916763,0.010053478181362152,0.00946221686899662,1,1,,,,,,3
27,27,64,1,1,anchor_norm_outlier+layer_profile_outlier,0.3251188397407532,-6.860313415527344,1,0.1809466928243637,16.704907454550266,0.013897618278861046,0.002513900399208069,1,1,,,,,,3
27,27,67,1,1,anchor_norm_outlier+layer_profile_outlier,0.3260762095451355,-9.230772256851196,1,0.20842605829238892,18.916976638138294,0.019256291911005974,0.0,1,1,,,,,,3
27,27,69,1,1,anchor_norm_outlier+layer_profile_outlier,0.32647615671157837,-7.46535062789917,1,0.17993929982185364,16.98858216404915,0.010053478181362152,0.00946221686899662,1,1,,,,,,3
27,27,71,1,1,anchor_norm_outlier+layer_profile_outlier,0.32621949911117554,-9.227906465530396,1,0.20773427188396454,18.847797997295856,0.019256291911005974,0.0,1,1,,,,,,3
27,27,75,1,1,anchor_norm_outlier+layer_profile_outlier,0.3264980614185333,-7.371676564216614,1,0.1411304771900177,12.484931759536266,0.016281159594655037,0.0,1,1,,,,,,3
27,27,77,1,1,anchor_norm_outlier+layer_profile_outlier,0.32564374804496765,-7.481998801231384,1,0.1769762486219406,16.692277044057846,0.010053478181362152,0.00946221686899662,1,1,,,,,,3
27,27,79,1,1,anchor_norm_outlier+layer_profile_outlier,0.32638126611709595,-7.374012470245361,1,0.14040444791316986,12.412328831851482,0.016281159594655037,0.0,1,1,,,,,,3
27,27,81,1,1,anchor_norm_outlier+layer_profile_outlier,0.3252516984939575,-9.247262477874756,1,0.20442354679107666,18.51672548800707,0.019256291911005974,0.0,1,1,,,,,,3
27,27,82,1,1,anchor_norm_outlier+layer_profile_outlier,0.3256477117538452,-7.481919527053833,1,0.17695990204811096,16.69064238667488,0.010053478181362152,0.00946221686899662,1,1,,,,,,3
27,27,84,1,1,anchor_norm_outlier+layer_profile_outlier,0.32599174976348877,-9.23246145248413,1,0.20836253464221954,18.910624273121357,0.019256291911005974,0.0,1,1,,,,,,3
27,27,86,1,1,anchor_norm_outlier+layer_profile_outlier,0.3262737989425659,-9.226820468902588,1,0.20855174958705902,18.929545767605305,0.019256291911005974,0.0,1,1,,,,,,3
27,27,88,1,1,anchor_norm_outlier+layer_profile_outlier,0.32518288493156433,-6.859032511711121,1,0.18027690052986145,16.63792822510004,0.013897618278861046,0.002513900399208069,1,1,,,,,,3
27,27,89,1,1,anchor_norm_outlier+layer_profile_outlier,0.3252238929271698,-6.858212351799011,1,0.18027938902378082,16.638177074491978,0.013897618278861046,0.002513900399208069,1,1,,,,,,3
27,27,90,1,1,anchor_norm_outlier+layer_profile_outlier,0.32507845759391785,-9.25072729587555,1,0.20568819344043732,18.643190152943134,0.019256291911005974,0.0,1,1,,,,,,3
27,27,93,1,1,anchor_norm_outlier+layer_profile_outlier,0.32574400305747986,-7.47999370098114,1,0.17681308090686798,16.675960272550583,0.010053478181362152,0.00946221686899662,1,1,,,,,,3
27,27,94,1,1,anchor_norm_outlier+layer_profile_outlier,0.325342059135437,-6.855849027633667,1,0.18035846948623657,16.646085120737553,0.013897618278861046,0.002513900399208069,1,1,,,,,,3
27,27,95,1,1,anchor_norm_outlier+layer_profile_outlier,0.3258098363876343,-9.23609972000122,1,0.2079528421163559,18.869655020534992,0.019256291911005974,0.0,1,1,,,,,,3
27,27,97,1,1,anchor_norm_outlier+layer_profile_outlier,0.3257502615451813,-7.386632561683655,1,0.13892251253128052,12.264135293662548,0.016281159594655037,0.0,1,1,,,,,,3
28,28,0,1,1,anchor_norm_outlier+layer_profile_outlier,0.30171364545822144,-10.088945627212524,1,0.18042074143886566,16.417238302528858,0.01624835841357708,0.0003618858754634857,1,1,,,,,,3
28,28,3,1,1,anchor_norm_outlier+layer_profile_outlier,0.3023149073123932,-6.36117160320282,1,0.18254879117012024,17.14719980955124,0.011076793074607849,0.0,1,1,,,,,,3
28,28,4,1,1,anchor_norm_outlier+layer_profile_outlier,0.3021559417247772,-6.769582629203796,1,0.18089447915554047,16.262195259332657,0.018272526562213898,0.0,1,1,,,,,,3
28,28,5,1,1,anchor_norm_outlier+layer_profile_outlier,0.3025686740875244,-6.356096267700195,1,0.18236419558525085,17.1287402510643,0.011076793074607849,0.0,1,1,,,,,,3
28,28,6,1,1,anchor_norm_outlier+layer_profile_outlier,0.30189013481140137,-10.085415840148926,1,0.18226192891597748,16.60135705024004,0.01624835841357708,0.0003618858754634857,1,1,,,,,,3
28,28,11,1,1,anchor_norm_outlier+layer_profile_outlier,0.3026233911514282,-6.355001926422119,1,0.18317808210849762,17.210128903388977,0.011076793074607849,0.0,1,1,,,,,,3
28,28,13,1,1,anchor_norm_outlier+layer_profile_outlier,0.3014191687107086,-10.09483516216278,1,0.1802445501089096,16.399619169533253,0.01624835841357708,0.0003618858754634857,1,1,,,,,,3
28,28,14,1,1,anchor_norm_outlier+layer_profile_outlier,0.3029533326625824,-6.348403096199036,1,0.18481850624084473,17.374171316623688,0.011076793074607849,0.0,1,1,,,,,,3
28,28,17,1,1,anchor_norm_outlier+layer_profile_outlier,0.30158472061157227,-10.091524124145508,1,0.1816103458404541,16.536198742687702,0.01624835841357708,0.0003618858754634857,1,1,,,,,,3
28,28,19,1,1,anchor_norm_outlier+layer_profile_outlier,0.30220189690589905,-8.21076214313507,1,0.1936570703983307,18.485491909086704,0.008802151307463646,0.007511356263421476,1,1,,,,,,3
28,28,20,1,1,anchor_norm_outlier+layer_profile_outlier,0.3029139041900635,-6.349191665649414,1,0.1843326985836029,17.325590550899506,0.011076793074607849,0.0,1,1,,,,,,3
28,28,24,1,1,anchor_norm_outlier+layer_profile_outlier,0.30278244614601135,-8.199151158332825,1,0.1959754228591919,18.717327155172825,0.008802151307463646,0.007511356263421476,1,1,,,,,,3
28,28,25,1,1,anchor_norm_outlier+layer_profile_outlier,0.3016538619995117,-6.7796242237091064,1,0.1796712428331375,16.13987162709236,0.018272526562213898,0.0,1,1,,,,,,3
28,28,27,1,1,anchor_norm_outlier+layer_profile_outlier,0.30260828137397766,-6.35530412197113,1,0.1822095662355423,17.113277316093445,0.011076793074607849,0.0,1,1,,,,,,3
28,28,28,1,1,anchor_norm_outlier+layer_profile_outlier,0.30289843678474426,-6.349501013755798,1,0.18430423736572266,17.32274442911148,0.011076793074607849,0.0,1,1,,,,,,3
28,28,29,1,1,anchor_norm_outlier+layer_profile_outlier,0.3027675151824951,-8.19944977760315,1,0.19580894708633423,18.70067957788706,0.008802151307463646,0.007511356263421476,1,1,,,,,,3
28,28,31,1,1,anchor_norm_outlier+layer_profile_outlier,0.30219054222106934,-6.768890619277954,1,0.18112295866012573,16.285043209791183,0.018272526562213898,0.0,1,1,,,,,,3
28,28,35,1,1,anchor_norm_outlier+layer_profile_outlier,0.3022460341453552,-6.767780780792236,1,0.18232275545597076,16.405022889375687,0.018272526562213898,0.0,1,1,,,,,,3
28,28,43,1,1,anchor_norm_outlier+layer_profile_outlier,0.3024289309978485,-6.764122843742371,1,0.18238890171051025,16.411637514829636,0.018272526562213898,0.0,1,1,,,,,,3
28,28,53,1,1,anchor_norm_outlier+layer_profile_outlier,0.3024619519710541,-6.763462424278259,1,0.1827423870563507,16.44698604941368,0.018272526562213898,0.0,1,1,,,,,,3
28,28,54,1,1,anchor_norm_outlier+layer_profile_outlier,0.30251267552375793,-6.762447953224182,1,0.182275652885437,16.40031263232231,0.018272526562213898,0.0,1,1,,,,,,3
28,28,57,1,1,anchor_norm_outlier+layer_profile_outlier,0.30158451199531555,-8.22310984134674,1,0.19303631782531738,18.423416651785374,0.008802151307463646,0.007511356263421476,1,1,,,,,,3
28,28,64,1,1,anchor_norm_outlier+layer_profile_outlier,0.3027380406856537,-8.200039267539978,1,0.19632790982723236,18.75257585197687,0.008802151307463646,0.007511356263421476,1,1,,,,,,3
28,28,67,1,1,anchor_norm_outlier+layer_profile_outlier,0.30191925168037415,-10.08483350276947,1,0.18149423599243164,16.524587757885456,0.01624835841357708,0.0003618858754634857,1,1,,,,,,3
28,28,69,1,1,anchor_norm_outlier+layer_profile_outlier,0.3025650680065155,-6.3561683893203735,1,0.18403570353984833,17.295891046524048,0.011076793074607849,0.0,1,1,,,,,,3
28,28,71,1,1,anchor_norm_outlier+layer_profile_outlier,0.3020199239253998,-10.082820057868958,1,0.1819687783718109,16.572041995823383,0.01624835841357708,0.0003618858754634857,1,1,,,,,,3
28,28,75,1,1,anchor_norm_outlier+layer_profile_outlier,0.3022826910018921,-8.20914626121521,1,0.1942826360464096,18.548048473894596,0.008802151307463646,0.007511356263421476,1,1,,,,,,3
28,28,77,1,1,anchor_norm_outlier+layer_profile_outlier,0.30167222023010254,-6.77925705909729,1,0.180708646774292,16.24361202120781,0.018272526562213898,0.0,1,1,,,,,,3
28,28,79,1,1,anchor_norm_outlier+layer_profile_outlier,0.3022896349430084,-8.209007382392883,1,0.19386282563209534,18.50606743246317,0.008802151307463646,0.007511356263421476,1,1,,,,,,3
28,28,81,1,1,anchor_norm_outlier+layer_profile_outlier,0.3014239966869354,-10.094738602638245,1,0.17952172458171844,16.327336616814137,0.01624835841357708,0.0003618858754634857,1,1,,,,,,3
28,28,82,1,1,anchor_norm_outlier+layer_profile_outlier,0.3018352687358856,-6.370764374732971,1,0.18178413808345795,17.07073450088501,0.011076793074607849,0.0,1,1,,,,,,3
28,28,84,1,1,anchor_norm_outlier+layer_profile_outlier,0.3025634288787842,-8.203531503677368,1,0.1945829838514328,18.578083254396915,0.008802151307463646,0.007511356263421476,1,1,,,,,,3
28,28,86,1,1,anchor_norm_outlier+layer_profile_outlier,0.3025634288787842,-8.203531503677368,1,0.1945829838514328,18.578083254396915,0.008802151307463646,0.007511356263421476,1,1,,,,,,3
28,28,88,1,1,anchor_norm_outlier+layer_profile_outlier,0.3031523823738098,-6.344422101974487,1,0.18522869050502777,17.415189743041992,0.011076793074607849,0.0,1,1,,,,,,3
28,28,89,1,1,anchor_norm_outlier+layer_profile_outlier,0.30204522609710693,-10.082314014434814,1,0.18229757249355316,16.604921407997608,0.01624835841357708,0.0003618858754634857,1,1,,,,,,3
28,28,90,1,1,anchor_norm_outlier+layer_profile_outlier,0.3010922074317932,-10.101374387741089,1,0.1790754497051239,16.282709129154682,0.01624835841357708,0.0003618858754634857,1,1,,,,,,3
28,28,93,1,1,anchor_norm_outlier+layer_profile_outlier,0.30169618129730225,-6.778777837753296,1,0.17968584597110748,16.14133194088936,0.018272526562213898,0.0,1,1,,,,,,3
28,28,94,1,1,anchor_norm_outlier+layer_profile_outlier,0.30280062556266785,-8.198787569999695,1,0.19609536230564117,18.729321099817753,0.008802151307463646,0.007511356263421476,1,1,,,,,,3
28,28,95,1,1,anchor_norm_outlier+layer_profile_outlier,0.30188360810279846,-10.085546374320984,1,0.18192757666110992,16.567921824753284,0.01624835841357708,0.0003618858754634857,1,1,,,,,,3
28,28,97,1,1,anchor_norm_outlier+layer_profile_outlier,0.3017747700214386,-6.777206063270569,1,0.1801372617483139,16.18647351861,0.018272526562213898,0.0,1,1,,,,,,3
29,29,0,1,1,anchor_norm_outlier+layer_profile_outlier,0.2808111906051636,-8.000725507736206,1,0.18153350055217743,16.759767942130566,0.013935821130871773,0.006482002791017294,1,1,,,,,,3
29,29,3,1,1,anchor_norm_outlier+layer_profile_outlier,0.28043973445892334,-8.69877576828003,1,0.19387279450893402,18.10364257544279,0.012836368754506111,0.0,1,1,,,,,,3
29,29,4,1,1,anchor_norm_outlier+layer_profile_outlier,0.27860355377197266,-8.693593740463257,1,0.18610529601573944,16.251247376203537,0.02359282225370407,0.0036132149398326874,1,1,,,,,,3
29,29,5,1,1,anchor_norm_outlier+layer_profile_outlier,0.28006723523139954,-6.575844883918762,1,0.17921410501003265,16.397156845778227,0.015242536552250385,0.0,1,1,,,,,,3
29,29,6,1,1,anchor_norm_outlier+layer_profile_outlier,0.2814159691333771,-7.988629937171936,1,0.184814915060997,17.087909393012524,0.013935821130871773,0.006482002791017294,1,1,,,,,,3
29,29,11,1,1,anchor_norm_outlier+layer_profile_outlier,0.280521959066391,-8.697131276130676,1,0.19281558692455292,17.99792181700468,0.012836368754506111,0.0,1,1,,,,,,3
29,29,13,1,1,anchor_norm_outlier+layer_profile_outlier,0.27828648686408997,-8.69993507862091,1,0.18457141518592834,16.097859293222427,0.02359282225370407,0.0036132149398326874,1,1,,,,,,3
29,29,14,1,1,anchor_norm_outlier+layer_profile_outlier,0.27998822927474976,-6.577425003051758,1,0.17992813885211945,16.468560229986906,0.015242536552250385,0.0,1,1,,,,,,3
29,29,17,1,1,anchor_norm_outlier+layer_profile_outlier,0.2809533476829529,-7.99788236618042,1,0.18360771238803864,16.967189125716686,0.013935821130871773,0.006482002791017294,1,1,,,,,,3
29,29,19,1,1,anchor_norm_outlier+layer_profile_outlier,0.28073397278785706,-8.692891001701355,1,0.19383612275123596,18.099975399672985,0.012836368754506111,0.0,1,1,,,,,,3
29,29,20,1,1,anchor_norm_outlier+layer_profile_outlier,0.28016790747642517,-6.5738314390182495,1,0.18065191805362701,16.540938150137663,0.015242536552250385,0.0,1,1,,,,,,3
29,29,24,1,1,anchor_norm_outlier+layer_profile_outlier,0.2787814140319824,-8.690036535263062,1,0.1876794397830963,16.408661752939224,0.02359282225370407,0.0036132149398326874,1,1,,,,,,3
29,29,25,1,1,anchor_norm_outlier+layer_profile_outlier,0.279885470867157,-8.019239902496338,1,0.17887741327285767,16.49415921419859,0.013935821130871773,0.006482002791017294,1,1,,,,,,3
29,29,27,1,1,anchor_norm_outlier+layer_profile_outlier,0.2798095941543579,-6.580997705459595,1,0.1781235933303833,16.28810567781329,0.015242536552250385,0.0,1,1,,,,,,3
29,29,28,1,1,anchor_norm_outlier+layer_profile_outlier,0.2799972891807556,-6.577243804931641,1,0.1793053150177002,16.40627784654498,0.015242536552250385,0.0,1,1,,,,,,3
29,29,29,1,1,anchor_norm_outlier+layer_profile_outlier,0.280197411775589,-6.573241353034973,1,0.1798900067806244,16.4647470228374,0.015242536552250385,0.0,1,1,,,,,,3
29,29,31,1,1,anchor_norm_outlier+layer_profile_outlier,0.2798890769481659,-6.579408049583435,1,0.17842404544353485,16.318150889128447,0.015242536552250385,0.0,1,1,,,,,,3
29,29,35,1,1,anchor_norm_outlier+layer_profile_outlier,0.2805975079536438,-8.004999160766602,1,0.18200147151947021,16.806565038859844,0.013935821130871773,0.006482002791017294,1,1,,,,,,3
29,29,43,1,1,anchor_norm_outlier+layer_profile_outlier,0.2807367444038391,-8.002214431762695,1,0.18170644342899323,16.777062229812145,0.013935821130871773,0.006482002791017294,1,1,,,,,,3
29,29,53,1,1,anchor_norm_outlier+layer_profile_outlier,0.2807052433490753,-8.002844452857971,1,0.18240942060947418,16.84735994786024,0.013935821130871773,0.006482002791017294,1,1,,,,,,3
29,29,54,1,1,anchor_norm_outlier+layer_profile_outlier,0.2786606550216675,-8.69245171546936,1,0.18617680668830872,16.258398443460464,0.02359282225370407,0.0036132149398326874,1,1,,,,,,3
29,29,57,1,1,anchor_norm_outlier+layer_profile_outlier,0.28042301535606384,-8.69911015033722,1,0.1937747746706009,18.093840591609478,0.012836368754506111,0.0,1,1,,,,,,3
29,29,64,1,1,anchor_norm_outlier+layer_profile_outlier,0.28084999322891235,-8.690570592880249,1,0.1944246143102646,18.158824555575848,0.012836368754506111,0.0,1,1,,,,,,3
29,29,67,1,1,anchor_norm_outlier+layer_profile_outlier,0.28084248304367065,-8.690720796585083,1,0.19369344413280487,18.085707537829876,0.012836368754506111,0.0,1,1,,,,,,3
29,29,69,1,1,anchor_norm_outlier+layer_profile_outlier,0.28064224123954773,-8.004104495048523,1,0.18227605521678925,16.834023408591747,0.013935821130871773,0.006482002791017294,1,1,,,,,,3
29,29,71,1,1,anchor_norm_outlier+layer_profile_outlier,0.2810516953468323,-8.68653655052185,1,0.19489704072475433,18.206067197024822,0.012836368754506111,0.0,1,1,,,,,,3
29,29,75,1,1,anchor_norm_outlier+layer_profile_outlier,0.2798687219619751,-6.579815149307251,1,0.17927353084087372,16.403099428862333,0.015242536552250385,0.0,1,1,,,,,,3
29,29,77,1,1,anchor_norm_outlier+layer_profile_outlier,0.28025054931640625,-8.702559471130371,1,0.19283396005630493,17.999759130179882,0.012836368754506111,0.0,1,1,,,,,,3
29,29,79,1,1,anchor_norm_outlier+layer_profile_outlier,0.2804289758205414,-8.698990941047668,1,0.1923450231552124,17.95086544007063,0.012836368754506111,0.0,1,1,,,,,,3
29,29,81,1,1,anchor_norm_outlier+layer_profile_outlier,0.2785302400588989,-8.695060014724731,1,0.18541817367076874,16.182535141706467,0.02359282225370407,0.0036132149398326874,1,1,,,,,,3
29,29,82,1,1,anchor_norm_outlier+layer_profile_outlier,0.278262734413147,-8.70041012763977,1,0.18551033735275269,16.19175150990486,0.02359282225370407,0.0036132149398326874,1,1,,,,,,3
29,29,84,1,1,anchor_norm_outlier+layer_profile_outlier,0.278703510761261,-8.69159460067749,1,0.18619626760482788,16.26034453511238,0.02359282225370407,0.0036132149398326874,1,1,,,,,,3
29,29,86,1,1,anchor_norm_outlier+layer_profile_outlier,0.278703510761261,-8.69159460067749,1,0.18619626760482788,16.26034453511238,0.02359282225370407,0.0036132149398326874,1,1,,,,,,3
29,29,88,1,1,anchor_norm_outlier+layer_profile_outlier,0.2809658944606781,-7.9976314306259155,1,0.1833987981081009,16.946297697722912,0.013935821130871773,0.006482002791017294,1,1,,,,,,3
29,29,89,1,1,anchor_norm_outlier+layer_profile_outlier,0.2791704833507538,-8.682255148887634,1,0.18861985206604004,16.502702981233597,0.02359282225370407,0.0036132149398326874,1,1,,,,,,3
29,29,90,1,1,anchor_norm_outlier+layer_profile_outlier,0.27840670943260193,-8.697530627250671,1,0.1854807287454605,16.188790649175644,0.02359282225370407,0.0036132149398326874,1,1,,,,,,3
29,29,93,1,1,anchor_norm_outlier+layer_profile_outlier,0.2792419493198395,-6.592350602149963,1,0.17678768932819366,16.154515277594328,0.015242536552250385,0.0,1,1,,,,,,3
29,29,94,1,1,anchor_norm_outlier+layer_profile_outlier,0.2811342775821686,-7.994263768196106,1,0.18364663422107697,16.97108130902052,0.013935821130871773,0.006482002791017294,1,1,,,,,,3
29,29,95,1,1,anchor_norm_outlier+layer_profile_outlier,0.28075480461120605,-8.692474365234375,1,0.19370809197425842,18.08717232197523,0.012836368754506111,0.0,1,1,,,,,,3
29,29,97,1,1,anchor_norm_outlier+layer_profile_outlier,0.2794313430786133,-6.588562726974487,1,0.17730562388896942,16.206308733671904,0.015242536552250385,0.0,1,1,,,,,,3
30,30,0,1,1,anchor_norm_outlier+layer_profile_outlier,0.27021175622940063,-7.843451499938965,1,0.18274885416030884,16.775497514754534,0.0149938790127635,0.0,1,1,,,,,,3
30,30,3,1,1,anchor_norm_outlier+layer_profile_outlier,0.2703748345375061,-7.8401899337768555,1,0.18401654064655304,16.902266163378954,0.0149938790127635,0.0,1,1,,,,,,3
30,30,4,1,1,anchor_norm_outlier+layer_profile_outlier,0.2691625952720642,-7.054861775810268,1,0.17821189761161804,16.880594845861197,0.009405949153006077,0.0016831518150866032,1,1,,,,,,3
30,30,5,1,1,anchor_norm_outlier+layer_profile_outlier,0.2687239646911621,-7.060976177182208,1,0.1762845814228058,16.68786322697997,0.009405949153006077,0.0016831518150866032,1,1,,,,,,3
30,30,6,1,1,anchor_norm_outlier+layer_profile_outlier,0.26906245946884155,-7.056257644040308,1,0.17891614139080048,16.95101922377944,0.009405949153006077,0.0016831518150866032,1,1,,,,,,3
30,21,8,0,1,norm_z_outlier,0.6105692386627197,-3.291225093456248,1,0.03147994354367256,1.4368535950779915,0.017111407592892647,0.003956887871026993,0,0,,,1,1,0,0
30,30,11,1,1,anchor_norm_outlier+layer_profile_outlier,0.26947516202926636,-7.593014240264893,1,0.16853639483451843,15.343627519905567,0.015100119635462761,0.0,1,1,,,,,,3
30,30,13,1,1,anchor_norm_outlier+layer_profile_outlier,0.2694607377052307,-7.050705744330116,1,0.17956630885601044,17.016035970300436,0.009405949153006077,0.0016831518150866032,1,1,,,,,,3
30,30,14,1,1,anchor_norm_outlier+layer_profile_outlier,0.269876092672348,-8.495314717292786,1,0.19086334109306335,17.674944829195738,0.014113892801105976,0.004737698473036289,1,1,,,,,,3
30,30,17,1,1,anchor_norm_outlier+layer_profile_outlier,0.2698674201965332,-7.585169076919556,1,0.17097537219524384,15.587525255978107,0.015100119635462761,0.0,1,1,,,,,,3
30,30,19,1,1,anchor_norm_outlier+layer_profile_outlier,0.26862406730651855,-7.062368721916461,1,0.17680369317531586,16.739774402230978,0.009405949153006077,0.0016831518150866032,1,1,,,,,,3
30,30,20,1,1,anchor_norm_outlier+layer_profile_outlier,0.2698362469673157,-7.585792541503906,1,0.1711350530385971,15.603493340313435,0.015100119635462761,0.0,1,1,,,,,,3
30,30,24,1,1,anchor_norm_outlier+layer_profile_outlier,0.27006182074546814,-7.581281065940857,1,0.17138569056987762,15.628557093441486,0.015100119635462761,0.0,1,1,,,,,,3
30,30,25,1,1,anchor_norm_outlier+layer_profile_outlier,0.2694910764694214,-8.503015041351318,1,0.18828730285167694,17.417341005057096,0.014113892801105976,0.004737698473036289,1,1,,,,,,3
30,30,27,1,1,anchor_norm_outlier+layer_profile_outlier,0.26956504583358765,-8.501535654067993,1,0.18842017650604248,17.43062837049365,0.014113892801105976,0.004737698473036289,1,1,,,,,,3
30,30,28,1,1,anchor_norm_outlier+layer_profile_outlier,0.2697172462940216,-7.588172554969788,1,0.16959498822689056,15.44948685914278,0.015100119635462761,0.0,1,1,,,,,,3
30,30,29,1,1,anchor_norm_outlier+layer_profile_outlier,0.27061325311660767,-7.835421562194824,1,0.18492311239242554,16.992923337966204,0.0149938790127635,0.0,1,1,,,,,,3
30,30,31,1,1,anchor_norm_outlier+layer_profile_outlier,0.2688722610473633,-7.058908962803435,1,0.1769661158323288,16.756016667932272,0.009405949153006077,0.0016831518150866032,1,1,,,,,,3
30,30,35,1,1,anchor_norm_outlier+layer_profile_outlier,0.26840320229530334,-7.0654475253250375,1,0.17621825635433197,16.68123072013259,0.009405949153006077,0.0016831518150866032,1,1,,,,,,3
30,30,43,1,1,anchor_norm_outlier+layer_profile_outlier,0.26840683817863464,-7.065396842014304,1,0.175823375582695,16.641742642968893,0.009405949153006077,0.0016831518150866032,1,1,,,,,,3
30,30,53,1,1,anchor_norm_outlier+layer_profile_outlier,0.2693568766117096,-8.505699038505554,1,0.18817034363746643,17.405645083636045,0.014113892801105976,0.004737698473036289,1,1,,,,,,3
30,30,54,1,1,anchor_norm_outlier+layer_profile_outlier,0.2704834043979645,-7.838018536567688,1,0.1838199496269226,16.88260706141591,0.0149938790127635,0.0,1,1,,,,,,3
30,30,57,1,1,anchor_norm_outlier+layer_profile_outlier,0.2698419690132141,-7.850847244262695,1,0.18197204172611237,16.697816271334887,0.0149938790127635,0.0,1,1,,,,,,3
30,30,64,1,1,anchor_norm_outlier+layer_profile_outlier,0.26961782574653625,-7.590160965919495,1,0.1697321981191635,15.463207848370075,0.015100119635462761,0.0,1,1,,,,,,3
30,30,67,1,1,anchor_norm_outlier+layer_profile_outlier,0.2698999047279358,-7.584519386291504,1,0.169854998588562,15.475487895309925,0.015100119635462761,0.0,1,1,,,,,,3
30,30,69,1,1,anchor_norm_outlier+layer_profile_outlier,0.2695370018482208,-8.50209653377533,1,0.18926601111888885,17.515211831778288,0.014113892801105976,0.004737698473036289,1,1,,,,,,3
30,30,71,1,1,anchor_norm_outlier+layer_profile_outlier,0.27043527364730835,-7.8389811515808105,1,0.18339815735816956,16.840427834540606,0.0149938790127635,0.0,1,1,,,,,,3
30,30,75,1,1,anchor_norm_outlier+layer_profile_outlier,0.26976197957992554,-7.587277889251709,1,0.16991853713989258,15.481841750442982,0.015100119635462761,0.0,1,1,,,,,,3
30,30,77,1,1,anchor_norm_outlier+layer_profile_outlier,0.2699795067310333,-7.848096489906311,1,0.1823742687702179,16.73803897574544,0.0149938790127635,0.0,1,1,,,,,,3
30,30,79,1,1,anchor_norm_outlier+layer_profile_outlier,0.268880158662796,-7.05879887200553,1,0.17712736129760742,16.772141214460135,0.009405949153006077,0.0016831518150866032,1,1,,,,,,3
30,30,81,1,1,anchor_norm_outlier+layer_profile_outlier,0.27003857493400574,-8.492065072059631,1,0.18974706530570984,17.563317250460386,0.014113892801105976,0.004737698473036289,1,1,,,,,,3
30,30,82,1,1,anchor_norm_outlier+layer_profile_outlier,0.2701698839664459,-7.844288945198059,1,0.18331515789031982,16.832127887755632,0.0149938790127635,0.0,1,1,,,,,,3
30,30,84,1,1,anchor_norm_outlier+layer_profile_outlier,0.2698203921318054,-8.496428728103638,1,0.18881069123744965,17.469679843634367,0.014113892801105976,0.004737698473036289,1,1,,,,,,3
30,30,86,1,1,anchor_norm_outlier+layer_profile_outlier,0.27001962065696716,-7.5821250677108765,1,0.17002862691879272,15.492850728332996,0.015100119635462761,0.0,1,1,,,,,,3
30,30,88,1,1,anchor_norm_outlier+layer_profile_outlier,0.2696618437767029,-8.499599695205688,1,0.18930892646312714,17.519503366202116,0.014113892801105976,0.004737698473036289,1,1,,,,,,3
30,30,89,1,1,anchor_norm_outlier+layer_profile_outlier,0.2703683078289032,-8.485470414161682,1,0.19197750091552734,17.786360811442137,0.014113892801105976,0.004737698473036289,1,1,,,,,,3
30,30,90,1,1,anchor_norm_outlier+layer_profile_outlier,0.2707085609436035,-7.833515405654907,1,0.18406400084495544,16.907012183219194,0.0149938790127635,0.0,1,1,,,,,,3
30,30,93,1,1,anchor_norm_outlier+layer_profile_outlier,0.2688300311565399,-7.059497636994497,1,0.17791424691677094,16.850829776376486,0.009405949153006077,0.0016831518150866032,1,1,,,,,,3
30,30,94,1,1,anchor_norm_outlier+layer_profile_outlier,0.26978546380996704,-8.497127294540405,1,0.1895189881324768,17.540509533137083,0.014113892801105976,0.004737698473036289,1,1,,,,,,3
30,30,95,1,1,anchor_norm_outlier+layer_profile_outlier,0.27037736773490906,-7.840139269828796,1,0.18318593502044678,16.819205600768328,0.0149938790127635,0.0,1,1,,,,,,3
30,30,97,1,1,anchor_norm_outlier+layer_profile_outlier,0.2697213292121887,-7.588090896606445,1,0.16990914940834045,15.48090297728777,0.015100119635462761,0.0,1,1,,,,,,3
40,32,8,0,1,norm_z_outlier+layer_profile_outlier,0.4095749258995056,-3.484392716459247,1,0.06680681556463242,5.047241970896721,0.016334395855665207,0.005337804555892944,1,1,,,1,1,1,1
40,35,22,0,1,layer_profile_outlier,0.6785420179367065,0.35396810410016016,0,0.0664936825633049,5.015928670763969,0.016334395855665207,0.005337804555892944,1,0,,,1,1,0,0
50,41,7,0,1,norm_z_outlier,0.8060706257820129,3.436468522856664,1,0.02224963903427124,0.052454881370067596,0.021725090220570564,0.005246074870228767,0,0,,,1,1,0,0
50,41,37,0,1,norm_z_outlier,0.7846065759658813,3.1531006577689364,1,0.0233815498650074,0.16564596444368362,0.021725090220570564,0.005246074870228767,0,0,,,1,1,0,0
50,46,51,0,1,norm_z_outlier+layer_profile_outlier,0.3048420548439026,-3.180738913969111,1,0.057696253061294556,3.597116284072399,0.021725090220570564,0.005246074870228767,1,1,,,1,1,1,1
51,51,51,0,1,anchor_norm_outlier+layer_profile_outlier,0.2513452470302582,-6.554507121666296,1,0.06027202308177948,5.037530604749918,0.0098967170342803,0.002099183853715658,1,1,,,,,,3
52,52,51,0,1,anchor_norm_outlier+layer_profile_outlier,0.3195939362049103,-3.343907609803732,1,0.05079321563243866,3.433120995759964,0.01646200567483902,0.002526072785258293,1,1,,,,,,3
53,53,51,0,1,anchor_norm_outlier+layer_profile_outlier,0.23710553348064423,-8.2944455742836,1,0.05287918820977211,3.2655958086252213,0.020223230123519897,0.003631632775068283,1,1,,,,,,3
54,54,51,0,1,anchor_norm_outlier+layer_profile_outlier,0.26410847902297974,-7.839754819869995,1,0.059180546551942825,4.159070737659931,0.017589839175343513,0.00637863390147686,1,1,,,,,,3
55,55,51,0,1,anchor_norm_outlier+layer_profile_outlier,0.2830067574977875,-8.553034663200378,1,0.04751628637313843,3.444134071469307,0.013074945658445358,0.00018918514251708984,1,1,,,,,,3
56,56,51,0,1,anchor_norm_outlier,0.2803484797477722,-9.360831121497233,1,0.047097377479076385,2.5656480342149734,0.02144089713692665,0.0001893453299999237,0,0,,,,,,0
57,57,51,0,1,anchor_norm_outlier+layer_profile_outlier,0.23269842565059662,-8.876194059848785,1,0.07889936119318008,6.248831562697887,0.01641104556620121,0.0058212075382471085,1,1,,,,,,3
58,58,51,0,1,anchor_norm_outlier,0.25693991780281067,-8.55783998966217,1,0.0347851999104023,2.7834123000502586,0.006951076909899712,0.0017439397051930428,0,0,,,,,,0
59,59,51,0,1,anchor_norm_outlier+layer_profile_outlier,0.27867284417152405,-7.64481715037587,1,0.04199192672967911,3.080373350530863,0.01118819322437048,0.007655090652406216,1,1,,,,,,3
60,52,8,0,1,norm_z_outlier,0.3368341028690338,-3.2250892265634614,1,0.02482091635465622,0.05718972533941269,0.024249019101262093,0.008135566487908363,0,0,,,1,1,0,0
60,52,9,0,1,norm_z_outlier,0.6972535252571106,3.108448701599663,1,0.022487973794341087,-0.17610453069210052,0.024249019101262093,0.008135566487908363,0,0,,,1,1,0,0
60,56,37,0,1,norm_z_outlier,0.6980101466178894,3.1217445724325925,1,0.016824224963784218,-0.7424794137477875,0.024249019101262093,0.008135566487908363,0,0,,,1,1,0,0
60,60,46,0,1,norm_z_outlier,0.762423038482666,4.253652201009183,1,0.04462863504886627,2.037961594760418,0.024249019101262093,0.008135566487908363,0,0,,,1,1,0,0
60,60,51,0,1,anchor_norm_outlier,0.2877804636955261,-9.008033275604248,1,0.046917252242565155,2.14448943734169,0.025472357869148254,0.000218098983168602,0,0,,,,,,0
60,55,52,0,1,norm_z_outlier,0.2584829032421112,-4.601930383641491,1,0.027172913774847984,0.2923894673585892,0.024249019101262093,0.008135566487908363,0,0,,,1,1,0,0
60,59,59,0,1,norm_z_outlier+layer_profile_outlier,0.3153111934661865,-3.603304590552851,1,0.058290161192417145,3.404114209115505,0.024249019101262093,0.008135566487908363,1,1,,,1,1,1,1
60,53,70,0,1,norm_z_outlier,0.2579614222049713,-4.611094207016102,1,0.024249019101262093,0.0,0.024249019101262093,0.008135566487908363,0,0,,,1,1,0,0
60,52,83,0,1,norm_z_outlier,0.3182970881462097,-3.5508343960219224,1,0.024519864469766617,0.027084536850452423,0.024249019101262093,0.008135566487908363,0,0,,,1,1,0,0
61,61,8,0,1,anchor_norm_outlier,0.30459511280059814,-3.8659077882766724,1,0.035984236747026443,2.8183874674141407,0.0078003620728850365,0.0024185646325349808,0,0,,,,,,0
61,61,37,0,1,anchor_norm_outlier+layer_profile_outlier,0.7813684344291687,5.669558644294739,1,0.04360387101769447,3.5803508944809437,0.0078003620728850365,0.0024185646325349808,1,1,,,,,,3
61,61,46,0,1,layer_profile_outlier,0.5427528023719788,0.8972460031509399,0,0.05227451026439667,4.447414819151163,0.0078003620728850365,0.0024185646325349808,1,0,,,,,,0
61,61,51,0,1,anchor_norm_outlier+layer_profile_outlier,0.27006423473358154,-4.556525349617004,1,0.04980188235640526,4.200152028352022,0.0078003620728850365,0.0024185646325349808,1,1,,,,,,3
61,61,52,0,1,anchor_norm_outlier+layer_profile_outlier,0.2181297242641449,-5.595215559005737,1,0.07899236679077148,7.119200471788645,0.0078003620728850365,0.0024185646325349808,1,1,,,,,,3
61,61,59,0,1,anchor_norm_outlier+layer_profile_outlier,0.217184916138649,-5.6141117215156555,1,0.07415121048688889,6.635084841400385,0.0078003620728850365,0.0024185646325349808,1,1,,,,,,3
61,61,70,0,1,anchor_norm_outlier+layer_profile_outlier,0.25363975763320923,-4.885014891624451,1,0.04343356937170029,3.563320729881525,0.0078003620728850365,0.0024185646325349808,1,1,,,,,,3
61,61,83,0,1,anchor_norm_outlier,0.32044628262519836,-3.548884391784668,1,0.02144099771976471,1.3640635646879673,0.0078003620728850365,0.0024185646325349808,0,0,,,,,,0
62,62,37,0,1,anchor_norm_outlier,0.6707682609558105,3.776009678840637,1,0.021046560257673264,0.826441403478384,0.012782146222889423,0.0006955582648515701,0,0,,,,,,0
62,62,52,0,1,anchor_norm_outlier,0.27298688888549805,-4.179617762565613,1,0.03435833007097244,2.157618384808302,0.012782146222889423,0.0006955582648515701,0,0,,,,,,0
62,62,59,0,1,anchor_norm_outlier+layer_profile_outlier,0.2058885544538498,-5.521584451198578,1,0.06650390475988388,5.372175853699446,0.012782146222889423,0.0006955582648515701,1,1,,,,,,3
63,63,52,0,1,anchor_norm_outlier+layer_profile_outlier,0.2422679364681244,-4.232626820265181,1,0.08553920686244965,7.791480282321572,0.007624404039233923,0.0014051776379346848,1,1,,,,,,3
63,63,59,0,1,anchor_norm_outlier+layer_profile_outlier,0.2032836228609085,-4.778965949879171,1,0.08920273184776306,8.157832780852914,0.007624404039233923,0.0014051776379346848,1,1,,,,,,3
64,64,52,0,1,anchor_norm_outlier+layer_profile_outlier,0.20495712757110596,-5.68985641002655,1,0.07776637375354767,5.074785568282774,0.014395211823284626,0.012487456086091697,1,1,,,,,,3
64,64,59,0,1,anchor_norm_outlier+layer_profile_outlier,0.23214983940124512,-5.146002173423767,1,0.08277348428964615,5.475756791050501,0.014395211823284626,0.012487456086091697,1,1,,,,,,3
65,65,52,0,1,anchor_norm_outlier,0.2245347797870636,-4.812540399260434,1,0.03350047767162323,1.9884058274328709,0.013616419397294521,0.006969344336539507,0,0,,,,,,0
65,65,59,0,1,anchor_norm_outlier+layer_profile_outlier,0.2135058045387268,-5.029412126663951,1,0.04408710077404976,3.0470681376755238,0.013616419397294521,0.006969344336539507,1,1,,,,,,3
66,66,52,0,1,anchor_norm_outlier+layer_profile_outlier,0.21352417767047882,-5.797916352748871,1,0.07158851623535156,4.144252464175224,0.03014599159359932,0.004075195640325546,1,1,,,,,,3
66,66,59,0,1,anchor_norm_outlier+layer_profile_outlier,0.29531389474868774,-4.162122011184692,1,0.0709560364484787,4.081004485487938,0.03014599159359932,0.004075195640325546,1,1,,,,,,3
67,67,52,0,1,anchor_norm_outlier+layer_profile_outlier,0.21474766731262207,-6.55604362487793,1,0.06679199635982513,4.502129554748535,0.021770700812339783,0.0003351029008626938,1,1,,,,,,3
67,67,59,0,1,anchor_norm_outlier+layer_profile_outlier,0.24951225519180298,-5.8607518672943115,1,0.07540630549192429,5.36356046795845,0.021770700812339783,0.0003351029008626938,1,1,,,,,,3
68,68,52,0,1,anchor_norm_outlier,0.25119391083717346,-4.8645442724227905,1,0.04985058307647705,2.501348964869976,0.02483709342777729,0.0035596564412117004,0,0,,,,,,0
68,68,59,0,1,anchor_norm_outlier+layer_profile_outlier,0.26353952288627625,-4.617632031440735,1,0.07548059523105621,5.064350180327892,0.02483709342777729,0.0035596564412117004,1,1,,,,,,3
69,69,52,0,1,anchor_norm_outlier+layer_profile_outlier,0.21543553471565247,-6.3243168592453,1,0.06430361419916153,5.148167721927166,0.01282193697988987,0.001531129702925682,1,1,,,,,,3
69,69,59,0,1,anchor_norm_outlier+layer_profile_outlier,0.19466917216777802,-6.739644110202789,1,0.05134867876768112,3.852674178779125,0.01282193697988987,0.001531129702925682,1,1,,,,,,3
70,65,33,0,1,norm_z_outlier,0.8885963559150696,4.653098880195977,1,0.012599670328199863,-0.8876590989530087,0.02147626131772995,0.009436473250389099,0,0,,,1,1,0,0
70,68,44,0,1,layer_profile_outlier,0.5606269240379333,0.7301209208679666,0,0.05314530059695244,3.166903927922249,0.02147626131772995,0.009436473250389099,1,0,,,1,1,0,0
70,70,52,0,1,anchor_norm_outlier+layer_profile_outlier,0.27301713824272156,-4.374220371246338,1,0.06574975699186325,4.960240609943867,0.016147350892424583,0.003454354591667652,1,1,,,,,,3
70,67,55,0,1,layer_profile_outlier,0.3785799443721771,-1.447418262291447,0,0.05815114453434944,3.667488321661949,0.02147626131772995,0.009436473250389099,1,0,,,1,1,0,0
70,70,59,0,1,layer_profile_outlier,0.3541138768196106,-2.752285599708557,0,0.055597033351659775,3.944968245923519,0.016147350892424583,0.003454354591667652,1,0,,,,,,0
70,63,96,0,1,norm_z_outlier,0.8131752014160156,3.7509552716486354,1,0.013712368905544281,-0.7763892412185669,0.02147626131772995,0.009436473250389099,0,0,,,1,1,0,0
71,71,52,0,1,anchor_norm_outlier+layer_profile_outlier,0.20243136584758759,-6.308819657890585,1,0.07597985863685608,5.437431298196316,0.02160554565489292,0.0009748302400112152,1,1,,,,,,3
71,71,55,0,1,anchor_norm_outlier,0.3749067187309265,-3.558661177101213,1,0.04630742594599724,2.4701880291104317,0.02160554565489292,0.0009748302400112152,0,0,,,,,,0
71,71,59,0,1,anchor_norm_outlier+layer_profile_outlier,0.30302512645721436,-4.704829410993197,1,0.07904718816280365,5.744164250791073,0.02160554565489292,0.0009748302400112152,1,1,,,,,,3
72,72,52,0,1,anchor_norm_outlier+layer_profile_outlier,0.19744007289409637,-5.42943803835371,1,0.07734575867652893,7.16443401761353,0.005701418500393629,0.0017907647415995598,1,1,,,,,,3
73,73,52,0,1,anchor_norm_outlier+layer_profile_outlier,0.254199355840683,-5.317341685295105,1,0.06069181114435196,3.9639636874198914,0.021052174270153046,0.005911575630307198,1,1,,,,,,3
80,76,8,0,1,layer_profile_outlier,0.323991060256958,-1.4788065766588385,0,0.055816568434238434,3.475717641413212,0.021059392020106316,0.008700999431312084,1,0,,,1,1,0,0
80,79,34,0,1,layer_profile_outlier,0.3659413158893585,-1.032209726657855,0,0.05824223905801773,3.7182847037911415,0.021059392020106316,0.008700999431312084,1,0,,,1,1,0,0
80,74,55,0,1,layer_profile_outlier,0.34832826256752014,-1.219715953112339,0,0.05752470716834068,3.6465315148234367,0.021059392020106316,0.008700999431312084,1,0,,,1,1,0,0
80,72,80,0,1,norm_z_outlier,0.7573170065879822,3.1343238974654444,1,0.015423543751239777,-0.5635848268866539,0.021059392020106316,0.008700999431312084,0,0,,,1,1,0,0
81,81,80,0,1,anchor_norm_outlier,0.7224777340888977,7.510653734207153,1,0.03703514114022255,0.46341410437936725,0.026027090847492218,0.023754240944981575,0,0,,,,,,0
82,82,80,0,1,layer_profile_outlier,0.6587069034576416,2.56325364112854,0,0.054355744272470474,3.1913714483380318,0.022442029789090157,0.00015140138566493988,1,0,,,,,,0
83,83,80,0,1,anchor_norm_outlier,0.70022052526474,3.853468989853222,1,0.009381386451423168,-0.34138839691877365,0.012795270420610905,0.007131069432944059,0,0,,,,,,0
90,84,22,0,1,layer_profile_outlier,0.41448667645454407,0.0,0,0.055890701711177826,3.1544648110866547,0.02434605360031128,0.00867018848657608,1,0,,,1,1,0,0
90,84,26,0,1,norm_z_outlier,0.7130833268165588,3.181082049876922,1,0.016810007393360138,-0.7536046206951141,0.02434605360031128,0.00867018848657608,0,0,,,1,1,0,0
90,81,37,0,1,norm_z_outlier,0.7480438947677612,3.5535324274288467,1,0.00809102039784193,-1.625503320246935,0.02434605360031128,0.00867018848657608,0,0,,,1,1,0,0
90,85,80,0,1,norm_z_outlier+layer_profile_outlier,0.6986282467842102,3.0270856953810172,1,0.05459059029817581,3.0244536697864532,0.02434605360031128,0.00867018848657608,1,1,,,1,1,1,1
91,91,22,0,1,anchor_norm_outlier,0.5982875823974609,3.1397220425129846,1,0.0523550771176815,1.860819083509969,0.022312095388770103,0.016145030967891216,0,0,,,,,,0
91,91,37,0,1,anchor_norm_outlier,0.596170961856842,3.1097103415752616,1,0.026323333382606506,0.24845031278130345,0.022312095388770103,0.016145030967891216,0,0,,,,,,0
91,91,80,0,1,anchor_norm_outlier,0.7219434976577759,4.893047344216741,1,0.0500846765935421,1.7201937401052574,0.022312095388770103,0.016145030967891216,0,0,,,,,,0
92,92,22,0,1,anchor_norm_outlier+layer_profile_outlier,0.4193052053451538,-3.7685132026672363,1,0.082282155752182,7.906137173995376,0.0032207840122282505,0.0004675658419728279,1,1,,,,,,3
100,97,12,0,1,norm_z_outlier,0.7962110638618469,4.46672038211059,1,0.01654241792857647,-1.0019410401582718,0.026561828330159187,0.009722555056214333,0,0,,,1,1,0,0
100,99,41,0,1,layer_profile_outlier,0.32000744342803955,-0.6260716661338681,0,0.06250019371509552,3.5938365384936333,0.026561828330159187,0.009722555056214333,1,0,,,1,1,0,0
100,97,80,0,1,norm_z_outlier,0.809901237487793,4.6131308762554895,1,0.020708126947283745,-0.5853701382875443,0.026561828330159187,0.009722555056214333,0,0,,,1,1,0,0
