round,phase,0,1,2,3,4,5,6,7,8,9
1,warmup,0,0,0,0,0,0,0,0,0,0
2,double_probe,0,0,1,0,0,1,0,0,0,0
3,double_probe,0,1,0,0,0,0,0,1,0,0
4,double_probe,0,0,0,0,1,1,0,0,0,0
5,double_probe,0,0,0,0,0,0,0,0,1,1
6,double_probe,1,0,0,0,0,0,1,0,0,0
7,double_probe,0,0,1,0,0,0,0,0,1,0
8,double_probe,1,0,0,0,1,0,0,0,0,0
9,double_probe,0,1,0,1,0,0,0,0,0,0
10,double_probe,0,0,0,1,0,0,0,0,0,1
11,double_probe,0,0,0,0,0,0,1,1,0,0
12,double_probe,0,0,1,0,0,0,0,0,1,0
13,double_probe,0,0,0,0,0,1,0,1,0,0
14,double_probe,1,0,0,0,0,0,0,0,0,1
15,double_probe,0,0,0,0,0,1,0,0,1,0
16,double_probe,0,0,0,0,1,0,0,1,0,0
17,double_probe,0,0,0,0,1,0,0,0,0,1
18,double_probe,0,0,1,0,0,0,1,0,0,0
19,double_probe,0,1,0,1,0,0,0,0,0,0
20,double_probe,0,1,0,0,0,0,1,0,0,0
21,double_probe,1,0,0,1,0,0,0,0,0,0
22,double_probe,0,1,0,0,0,0,1,0,0,0
23,double_probe,0,0,0,0,0,0,1,0,0,1
24,double_probe,0,0,0,1,0,1,0,0,0,0
25,double_probe,1,1,0,0,0,0,0,0,0,0
26,double_probe,0,0,0,0,1,0,0,1,0,0
27,double_probe,0,0,0,0,0,1,0,0,1,0
28,double_probe,0,0,0,1,0,0,0,1,0,0
29,double_probe,1,0,0,0,0,0,0,0,1,0
30,double_probe,0,0,1,0,1,0,0,0,0,0
31,double_probe,0,0,1,0,0,0,0,0,0,1
